,sharpe,treynor,lifetime,information-ratio,standard_deviation,downside_deviation,variacao,equity,captacao_liquida,cotistas
2019-08-27,0.07273940533131851,0.001254234207449565,22.0,5.764679463034669,0.016663031383848233,0.01953021550423491,11274725.5464986,2849098.04,-168.14999999999964,19.0
2019-08-28,0.7753155010166762,0.012178460151691797,23.0,6.333905895302847,0.016474272638687153,0.0199853271126907,22737140.076702207,2882631.1,-168.14999999999964,19.0
2019-08-29,2.116773764655336,0.039955943901932564,24.0,6.4313541395329565,0.016749687630705296,0.020805476806706094,46375636.679211415,2947833.64,-168.14999999999964,19.0
2019-08-30,3.53959150724782,0.060290545050808546,25.0,8.29908189922353,0.017034424485372637,0.021629413273286543,95757025.82111286,3019203.48,-168.14999999999964,19.0
2019-09-02,3.8002751593168607,0.0662573739047458,28.0,9.742448571712501,0.017077210344300785,0.023151372005644346,844954988.5552709,3032978.77,-168.14999999999964,19.0
2019-09-03,2.750274112089819,0.045753906088864586,29.0,8.277231913133063,0.017179070120163974,0.022223895592107933,1733996935.621863,2983373.67,831.8500000000004,19.0
2019-09-04,2.704818440895344,0.04731570472500548,30.0,5.57196573615398,0.01689839509685848,0.021101618517251643,3556185086.490084,2980640.49,831.8500000000004,19.0
2019-09-05,3.1116568150496473,0.05361107176513269,31.0,5.3367395747718,0.016623602375443775,0.021190334070958175,7315566370.1101265,2998449.39,831.8500000000004,19.0
2019-09-06,2.6373399818601126,0.046917229663453415,32.0,3.5233671675085474,0.016461806184748476,0.020225496897581692,14989699907.020351,2975405.09,831.8500000000004,19.0
2019-09-09,1.1238045643819907,0.020023565643929007,35.0,0.4420821698194248,0.016487767960029636,0.018513756557504073,127391625973.85971,2905082.54,831.8500000000004,19.0
2019-09-10,1.0827120692290786,0.019440757484287526,36.0,0.6409506820319069,0.016253983262482022,0.017885837252896004,257777682832.83536,2903053.06,831.8500000000004,19.0
2019-09-11,2.761623213602378,0.048945175171555506,37.0,2.755522789627945,0.016619741527591953,0.018499768507013327,529008390750.8019,2984408.35,831.8500000000004,19.0
2019-09-12,2.4281516701523578,0.04246052105832036,38.0,1.3673210007440453,0.01643855326162459,0.01787192936768323,1082559966877.413,2967974.98,831.8500000000004,19.0
2019-09-13,1.8057333430321925,0.031175418732309855,39.0,1.280188056333614,0.016326901944684766,0.017330647022201013,2204221092032.9424,2938829.63,831.8500000000004,19.0
2019-09-16,1.5113990207209496,0.02527578279602635,42.0,0.6393514430754843,0.01593247754349031,0.015901059610376318,18558822724354.734,2924030.7,831.8500000000004,19.0
2019-09-17,2.2539425368230908,0.0374205119142138,43.0,0.8589422328446328,0.01582657856992573,0.016108838184082548,37911729806605.36,2957743.38,831.8500000000004,19.0
2019-09-18,2.338841027793246,0.03843956586285193,44.0,1.103992331582657,0.01564146752540121,0.016109702037164407,77488635328850.34,2960962.7,831.8500000000004,19.0
2019-09-19,3.055741723396324,0.05249216230605853,45.0,2.3249947812107425,0.015529500531179442,0.015914808788240642,159245976076764.38,2992632.92,831.8500000000004,19.0
2019-09-20,2.9848575435474967,0.050496302187520214,46.0,1.9478167475023835,0.015360699492796144,0.015528904996141122,327042128657770.2,2988671.87,831.8500000000004,19.0
2019-09-23,2.71674318111466,0.04453024990855074,49.0,1.5798364366996842,0.014906218868814138,0.014780116550544484,2825621134396952.5,2973997.17,831.8500000000004,19.0
2019-09-24,2.8853747516090698,0.047045396665121954,50.0,2.549496921651254,0.014754353582725876,0.014799656677549787,5794862428658172.0,2980549.0,831.8500000000004,19.0
2019-09-25,2.8255395109037997,0.04584361794018182,51.0,1.99353917733093,0.014608835678134941,0.014486467087510965,1.1877975861940444e+16,2977470.65,831.8500000000004,19.0
2019-09-26,3.152027585575203,0.05197886743117562,52.0,1.6764060984288947,0.01447266255570078,0.014538052851739898,2.4401359321293692e+16,2990500.95,831.8500000000004,19.0
2019-09-27,2.772920576077674,0.045332505842877235,53.0,1.3830746404718401,0.014359463524244092,0.014224731193275946,4.9991231292966856e+16,2974533.03,831.8500000000004,19.0
2019-09-30,3.030079190557347,0.04976688562410951,56.0,2.006714866013322,0.01401393693375924,0.013675468944188314,4.3047181015747264e+17,2982719.98,831.8500000000004,19.0
2019-10-01,2.590032287813977,0.041897871338837225,57.0,2.148331989563845,0.013916278547522424,0.013410265506089609,8.804594776013261e+17,2964972.02,831.8500000000004,19.0
2019-10-02,1.2766608429812878,0.020355757793662506,58.0,3.294953079175854,0.01399328461796775,0.013340522070100332,1.7848774789615716e+18,2913563.78,831.8500000000004,19.0
2019-10-03,1.6230185317262218,0.025771182321804153,59.0,3.4253659784729145,0.013884535255410075,0.013399356681875247,3.6271174917043067e+18,2927537.76,2831.8500000000004,19.0
2019-10-04,2.48177124193535,0.03926319202907402,60.0,3.5841302520213,0.013844904155945663,0.013546580823787093,7.414872896359138e+18,2963999.68,2831.8500000000004,19.0
2019-10-07,1.2045637560509777,0.017961566553555852,63.0,3.8959475896139844,0.013833807136458565,0.013747850616893084,6.280060297758068e+19,2913900.28,2831.8500000000004,19.0
2019-10-08,1.0482059260033518,0.016190624755555945,64.0,4.5370790191150805,0.013727623157424672,0.013513380589297536,1.2714297386474681e+20,2907977.86,2831.8500000000004,19.0
2019-10-09,1.7078411179953177,0.026575222104409373,65.0,4.289341101263894,0.013659976656583896,0.01361472184057513,2.585818896473251e+20,2934198.24,2831.8500000000004,19.0
2019-10-10,1.725415456573083,0.026741795684975995,66.0,3.9089350849684426,0.013554612142030678,0.013407828321807808,5.259702199900226e+20,2934960.05,2831.8500000000004,19.0
2019-10-11,3.1613222263437386,0.04818370033752442,67.0,4.056166454922423,0.013645965567378097,0.013625863370213608,1.0804607316083178e+21,2992201.34,2831.8500000000004,19.0
2019-10-14,3.834609105960044,0.05860791754259204,70.0,4.718798333744812,0.013734134010496661,0.013935535314555212,9.41082387330203e+21,3020127.51,2831.8500000000004,19.0
2019-10-15,3.66128795042028,0.055255872510378654,71.0,4.2891695443207825,0.013644012706806378,0.01371247559283771,1.9400763135143503e+22,3012957.82,-37608.44,19.0
2019-10-16,4.434168811412105,0.06698810155527686,72.0,4.517896733185007,0.01358371976015757,0.013804248200942245,4.020109632759711e+22,3043051.68,-37608.44,19.0
2019-10-17,4.463002465863961,0.06701799903555145,73.0,5.021196386607873,0.013490246122217817,0.013602404855632707,8.330980195226044e+22,3043581.5,-37608.44,19.0
2019-10-18,4.8408599845839895,0.07137744121730809,74.0,5.893567032767319,0.013401826416175119,0.013633192020786188,1.7305623994424847e+23,3057588.02,-37608.44,19.0
2019-10-21,5.459763591139138,0.08037496574649589,77.0,5.469883334029852,0.013154698724882062,0.01374258444513941,1.556579279729705e+24,3078129.89,-37608.44,19.0
2019-10-22,6.071268569734078,0.09100269597854319,78.0,5.158866276797006,0.013083485477869708,0.013797378416035185,3.2570069332214594e+24,3100593.01,-37608.44,19.0
2019-10-23,5.242649248738923,0.07843964103998663,79.0,3.6716134407768406,0.013067613811472997,0.013631297654685735,6.779689589247642e+24,3069818.42,-37608.44,19.0
2019-10-24,5.004054360057762,0.07758118991665544,80.0,3.7890248041559706,0.012995919290992182,0.013430252814445424,1.4089965942055785e+25,3060425.66,-37608.44,19.0
2019-10-25,4.6999805843651545,0.07263978422892527,81.0,3.483456125074037,0.012929065725632311,0.013236774934110015,2.92247066686418e+25,3007999.88,-37608.44,18.0
2019-10-28,4.868996409912149,0.07392663626055702,84.0,2.7025928685523706,0.01272091670368368,0.012717963499828577,2.6095283779406937e+26,3011895.89,-37608.44,18.0
2019-10-29,4.698617834167632,0.06813073421993063,85.0,3.111841064206191,0.012651257015978537,0.012551882637607148,5.4101261739823396e+26,3005394.51,-37608.44,18.0
2019-10-30,5.661909034323053,0.08428790634642304,86.0,3.6094449049002106,0.012623397521772656,0.012641193970666995,1.128340662177373e+27,3040087.72,-37608.44,18.0
2019-10-31,5.412381109915783,0.07865450678150493,87.0,4.520793021630192,0.012559746003195359,0.012478392094998328,2.3495148497176592e+27,3030750.23,-35608.44,18.0
2019-11-01,6.714176082651001,0.09692616557932926,88.0,5.438202366241534,0.012577110404803268,0.012600602916319583,4.932024218510106e+27,3080055.75,-35608.44,18.0
2019-11-04,6.877835569427511,0.10213621469317842,91.0,5.168820411795721,0.012534580199178306,0.01269745111486283,4.566456420543166e+28,3085653.56,-35608.44,18.0
2019-11-05,6.265678709305631,0.09354243793528257,92.0,4.558634600146901,0.012501354472699193,0.012555187016221513,9.559339111156683e+28,3063845.86,-35608.44,18.0
2019-11-06,6.707758495254363,0.10041071550001768,93.0,5.300549094374352,0.012437136103310178,0.012580061289286622,2.006270877267278e+29,3078900.47,-35608.44,18.0
2019-11-07,7.473490289823922,0.11042430966544989,94.0,5.096832569545434,0.012389433038374186,0.012635100120736978,4.229735827666813e+29,3105528.98,-35608.44,18.0
2019-11-08,6.291698358030147,0.09047320123693496,95.0,5.682247841635654,0.012419706636940515,0.012567313314407363,8.856250603398117e+29,3065035.97,-35608.44,18.0
2019-11-11,7.220577263037222,0.1072831330875437,98.0,6.344402704668863,0.012445053670033596,0.012631780225398058,8.176380373557071e+30,3098924.46,-35608.44,18.0
2019-11-12,5.883028058175983,0.08506041844455565,99.0,6.321133050841392,0.012491658332234996,0.012589262816817217,1.7084496034848693e+31,3052949.55,-35608.44,18.0
2019-11-13,5.6010004366074035,0.08050984391648633,100.0,6.784347272401394,0.012437877295233837,0.012445817045293978,3.563509566409569e+31,3042640.54,-35608.44,18.0
2019-11-14,6.906753929297458,0.09914283131225209,101.0,8.355064910839415,0.012454216691136282,0.012554698324106247,7.492695957204127e+31,3089723.17,-35608.44,18.0
2019-11-18,6.923702550744841,0.09921875339288325,105.0,8.659776358144843,0.012433384549092765,0.012616363471336565,1.464653446427848e+33,3090483.55,-35608.44,18.0
2019-11-19,6.865409923085222,0.09824399465843252,106.0,9.066385330082982,0.012377004913643182,0.012484218415175543,3.0786459666516577e+33,3087887.77,-35608.44,18.0
2019-11-21,8.497165009251216,0.12005692067701498,108.0,9.659733734561037,0.012368774655708459,0.01247971841157822,1.3734351993212513e+34,3145418.73,-35608.44,18.0
2019-11-22,9.355362377009575,0.13309065598926303,109.0,9.666494896709777,0.012331841720724766,0.012532867250196363,2.9297142920516495e+34,3183222.6,-27608.440000000002,18.0
2019-11-25,9.570996307264103,0.13904586648320721,112.0,10.224939239846357,0.012203468882464263,0.012407985647116154,2.8458648493436326e+35,3187884.23,-11608.440000000002,18.0
2019-11-26,8.795791237699977,0.12360888816938906,113.0,10.906643919476036,0.012190095572864863,0.012414182660502393,6.048211342156841e+35,3161125.58,-11608.440000000002,18.0
2019-11-27,8.91518134110609,0.12435270033026144,114.0,10.194602493147423,0.012136471245863855,0.012300087986080208,1.2861285157816865e+36,3164490.79,-11608.440000000002,18.0
2019-11-28,9.858476883997644,0.13721256763106238,115.0,10.980927112236978,0.0121066849999581,0.012249583576579872,2.7497471793195706e+36,3196916.34,-11608.440000000002,18.0
2019-11-29,9.898261620626679,0.14109047797362548,116.0,11.080420402310173,0.012055454370365414,0.012136358526939436,5.879463435074001e+36,3247421.57,38391.56,18.0
2019-12-02,10.421368898710222,0.1468680277924434,119.0,11.157497568539076,0.01190594049830287,0.012030130100530324,5.760942656397631e+37,3261781.57,138391.56,18.0
2019-12-03,11.245037096586186,0.1575674869165386,120.0,12.400622896780664,0.011869998065278059,0.011972942988456655,1.2403212954716086e+38,3289648.25,138391.56,18.0
2019-12-04,11.678317525455286,0.17033254118925056,121.0,10.889599042250978,0.011821803793650595,0.011985378159994725,2.676423798688498e+38,3303525.85,138391.56,18.0
2019-12-05,12.40497173054061,0.17995731381999167,122.0,11.491386819459542,0.011781660027833865,0.012016792416503386,5.797898328172775e+38,3327602.05,138391.56,18.0
2019-12-06,13.434462051008476,0.19347916786812647,123.0,12.339394234253614,0.011756337455140091,0.012067476712610013,1.2630641625640806e+39,3362412.4,138391.56,18.0
2019-12-09,13.025698493963281,0.18741614544979734,126.0,11.675998714544345,0.01167717922018713,0.01206052320864152,1.3024015722921807e+40,3346047.54,138391.56,18.0
2019-12-10,12.858792665122978,0.18259647514101823,127.0,11.897575212702622,0.011637297426705627,0.011951989762966337,2.8267950340381156e+40,3339478.38,138391.56,18.0
2019-12-11,13.981883912617446,0.19723026891343753,128.0,13.054213876000787,0.011618090997092803,0.012005401223082529,6.172823663859701e+40,3377239.06,138391.56,18.0
2019-12-12,14.883945218115409,0.20894389864455218,129.0,12.66769233359339,0.011585921289669893,0.012043016153226031,1.3543602438399138e+41,3461873.25,193391.56,18.0
2019-12-13,15.96638183072336,0.21153830875615484,130.0,13.558762392773758,0.011562381656186987,0.012090664540498341,2.988616418127232e+41,3498384.94,193391.56,18.0
2019-12-16,16.385150161477526,0.2231791491817804,133.0,14.847920834736989,0.011471606654280039,0.012185933949966575,3.2165530612732654e+42,3524890.88,209391.56,18.0
2019-12-17,16.12301695732349,0.21936864286736932,134.0,13.573213108525305,0.01143832847302761,0.012079229162425343,7.098558217144806e+42,3569980.01,264391.56,18.0
2019-12-18,17.55943938781944,0.23613618995799465,135.0,13.627119958876463,0.011437491181407163,0.012144635277976852,1.5785895884042764e+43,3620069.85,264391.56,18.0
2019-12-19,18.45545015588224,0.23841589140375735,136.0,13.919539738990307,0.011404641978334424,0.012083272422593421,3.5263373931248843e+43,3649756.46,264391.56,18.0
2019-12-20,18.468106707251405,0.2373791815908432,137.0,13.663296713991283,0.011365704069554445,0.011981310383830213,7.875999262256765e+43,3632833.62,248576.63999999998,18.0
2019-12-23,19.74058438230333,0.25306322149706606,140.0,14.144443944259557,0.0112676412237522,0.011826827206737934,8.82608520092564e+44,3671068.51,216946.79999999996,18.0
2019-12-26,21.357337605619467,0.2698784213227145,143.0,14.467890310224066,0.011190937427451211,0.011696853229902082,1.0080881809370748e+46,3721161.65,216946.79999999996,18.0
2019-12-27,21.398565011928145,0.27881889653509545,144.0,15.075402049152036,0.011154359821512016,0.011605047179806146,2.28166437019688e+46,3834124.35,330237.26999999996,18.0
2019-12-30,21.524284865331282,0.2775026586807782,147.0,16.20024605964315,0.011047606919441337,0.011416556122535339,2.644707991460863e+47,3832009.29,556818.21,18.0
2020-01-02,23.911767233342786,0.3069196418222277,150.0,16.069684961645272,0.011047633858259253,0.011266736229550068,3.099923237099687e+48,3914000.07,556818.21,18.0
2020-01-03,24.98820426536404,0.3205332342847502,151.0,18.029231179922302,0.011022538532834043,0.011297950271925037,7.134132193862433e+48,3949546.54,556818.21,18.0
2020-01-06,25.043005943158573,0.3191065468591867,154.0,18.996291185038665,0.010941292274747775,0.011275818833599375,8.691169774058781e+49,3945791.43,556818.21,18.0
2020-01-07,25.440207328854765,0.3231950596631064,155.0,19.878739953407873,0.010905711333656927,0.011204010444586132,2.0023461296356025e+50,3957120.64,556818.21,18.0
2020-01-08,25.307290823899464,0.3223816199413896,156.0,20.329896592844793,0.010876343472077693,0.01112352046939056,4.609139107609932e+50,3951001.33,556818.21,18.0
2020-01-09,25.455628390963017,0.3220172588220698,157.0,21.058446843714822,0.010842750426482143,0.011047081641891028,1.0614224475165651e+51,3954022.68,556818.21,18.0
2020-01-10,25.81531295707709,0.3253465437171537,158.0,21.872081336154636,0.010808199270257583,0.01097795858727246,2.4478076967694704e+51,3964016.44,556818.21,18.0
2020-01-13,27.781393203892517,0.34916465582745176,161.0,21.978926960698068,0.010753331177827175,0.010901500353273027,3.0287463749207474e+52,4025825.35,556818.21,18.0
2020-01-14,28.863462156296897,0.36227843241931335,162.0,23.109010625348013,0.010729047803019013,0.010927163554759358,7.080959514621093e+52,4064403.18,560818.21,18.0
2020-01-15,28.685073671861307,0.35968956679972586,163.0,24.391205026818557,0.010702631359810269,0.010853501676165613,1.6536974826176453e+53,4056798.76,560818.21,18.0
2020-01-16,28.737918339691753,0.3593337750691356,164.0,23.835009901012008,0.010672348935790166,0.01078160878952259,3.861926462001929e+53,4056537.07,560818.21,18.0
2020-01-17,29.63705238410776,0.36925674760622174,165.0,23.07035047149221,0.010644183271499822,0.01079915277639772,9.05431155172521e+53,4084419.15,560818.21,18.0
2020-01-20,31.257031168017342,0.3861784496227484,168.0,24.413597406120108,0.010578071512337505,0.010809261853041652,1.1746684939420268e+55,4132229.45,560818.21,18.0
2020-01-21,30.882651589540995,0.3797714831899948,169.0,25.94973836855301,0.010557791940300385,0.010741296718724012,2.7672656998089006e+55,4128679.88,570818.21,18.0
2020-01-22,31.503033563923736,0.38539426277897637,170.0,25.04430105254683,0.010527024521177295,0.010747164709475211,6.535497441407948e+55,4151448.96,575522.21,19.0
2020-01-23,32.51932765186551,0.39780684497857666,171.0,24.87839571183548,0.010501808033364689,0.010766778615469264,1.5502502998374752e+56,4187645.1,580226.21,19.0
2020-01-24,31.700500496480924,0.3875342704895578,172.0,25.359748768173212,0.010495756614153823,0.010772988894372625,3.6636833499227213e+56,4160904.51,580226.21,19.0
2020-01-27,27.534928478760175,0.3435773717480218,175.0,25.986304118335884,0.010712981541164032,0.011085945377132986,4.757246740747216e+57,4040583.73,577040.3999999999,19.0
2020-01-28,29.73880291490974,0.3740416935559735,176.0,26.58346491472765,0.010756010593305661,0.011093678541372456,1.1182343501496208e+58,4118913.34,577040.3999999999,19.0
2020-01-29,29.066368339886964,0.3648233853292384,177.0,27.168502582637725,0.010743923627306567,0.011032635807319936,2.620084016667653e+58,4095929.06,577040.3999999999,19.0
2020-01-30,27.634187180166034,0.34398078057552545,178.0,25.365077983102847,0.010764040848463096,0.01107051895247084,6.099811815892512e+58,4050315.44,577040.3999999999,19.0
2020-01-31,26.146699350747006,0.32816909652983106,179.0,26.335464160514082,0.010787473918706826,0.011052284251245544,1.4106152242051824e+59,4004914.14,579040.3999999999,20.0
2020-02-03,27.705060963698475,0.35127436545024515,182.0,27.547162749675074,0.010837779918053512,0.011243357344418408,1.7587788698930188e+60,4062440.24,583040.3999999999,20.0
2020-02-04,28.769005466005108,0.36423223986948317,183.0,27.955704201584908,0.010817271465487902,0.011087126283397438,4.120518068335024e+60,4097287.38,583040.3999999999,20.0
2020-02-05,29.160076102235145,0.3683754211835801,184.0,28.01892641128608,0.010787684615393688,0.01108789122653896,9.668781173204315e+60,4118477.86,593040.3999999999,21.0
2020-02-06,27.849938639872157,0.3517895196801952,185.0,27.677901827174804,0.010799889322275503,0.011235142973656333,2.2553257051080716e+61,4301928.32,819040.3999999999,24.0
2020-02-07,25.582878106742537,0.3226739310478622,186.0,26.870369080978783,0.010868015407808464,0.011281046301750908,5.208681731137697e+61,4290810.0,882437.3999999999,25.0
2020-02-10,22.607905036053705,0.2911826564163281,189.0,24.8947308715851,0.011097903661783913,0.011517910433928644,6.339627349824674e+62,4228901.53,1037731.3999999999,26.0
2020-02-11,25.250114669926703,0.3301971803150994,190.0,25.10898987340185,0.011200599687923625,0.011611682480826675,1.4675132433812225e+63,4360482.18,1060731.4,28.0
2020-02-12,26.368341658278005,0.34485708727261755,191.0,24.976228243434555,0.011183995772951313,0.011641098244071576,3.415529191201222e+63,4403271.31,1061731.4,29.0
2020-02-13,26.440930790493745,0.3464591846824996,192.0,26.41774736643721,0.01115560373008062,0.011574266119070947,7.950338749603803e+63,5035391.24,1692932.92,32.0
2020-02-14,25.902800258075736,0.3384631751239656,193.0,27.451369972908473,0.011137966034498558,0.0115090154343749,1.8455075604336618e+64,5011084.34,1692932.92,32.0
2020-02-17,27.191111231307787,0.35406747623757373,196.0,28.029765896817985,0.011089782182300908,0.011412802088036036,2.321883698906433e+65,5072602.53,1702932.92,33.0
2020-02-18,27.116780767023698,0.3516336276561477,197.0,28.438239277900816,0.011063712858959945,0.011347929903041853,5.418169568260309e+65,5074021.34,1709500.92,35.0
2020-02-19,28.514226237821727,0.3726082902362663,198.0,28.28864580309853,0.011057619019681737,0.011385310489832238,1.2729554144978939e+66,5134506.84,1709500.92,35.0
2020-02-20,27.435422693534832,0.3580117846465427,199.0,29.419603084503997,0.011057517203684105,0.011340130911846505,2.9754010321413818e+66,5088757.51,1709500.92,35.0
2020-02-21,27.56115061176771,0.36080244761871405,200.0,30.692548267309352,0.011030175817785842,0.011279862964306471,6.95727676448038e+66,5092064.49,1709500.92,35.0
2020-02-26,20.54221957958997,0.28086345279865155,205.0,33.082942611114426,0.011520150896371572,0.012026269262465,4.719728559253903e+68,4825482.3,1705115.98,35.0
2020-02-27,18.032892177570808,0.24847978867809298,206.0,34.365014423557135,0.011610100721597037,0.012106658533308166,1.0579524357533066e+69,4730790.2,1716115.98,36.0
2020-02-28,17.627901689811097,0.24257031631227802,207.0,31.373107197370835,0.01158872305843677,0.01204374614405374,2.366152337097836e+69,4741684.47,1746115.98,37.0
2020-03-02,19.846874710504665,0.2734187811289313,210.0,30.49896447212451,0.011602050849351175,0.01198737269480373,2.678918651268021e+70,4849733.03,1811115.98,38.0
2020-03-03,19.66501266790926,0.2722705984572914,211.0,31.747561874991792,0.011577131279320793,0.01192617686240793,6.056879559825073e+70,4840249.58,1811115.98,38.0
2020-03-04,21.0578066666134,0.2915545762654258,212.0,30.409871716896344,0.011577136958078223,0.011964515501534243,1.3795751511055265e+71,4904575.06,1811115.98,38.0
2020-03-05,16.646386102604183,0.23598764082714438,213.0,32.01622022519806,0.011853967648125047,0.012339970840645276,3.076684647232897e+71,4722121.56,1811115.98,38.0
2020-03-06,13.976734631860241,0.19993608957616277,214.0,34.35220688469193,0.011964479618644202,0.012506709608431978,6.766956316753342e+71,4629134.66,1836115.98,38.0
2020-03-09,4.685152251136051,0.07518399955554171,217.0,37.595207474333705,0.013589783813853114,0.015121056431347191,6.852142746058259e+72,4244169.8,1911115.98,38.0
2020-03-10,7.8586718880335615,0.12854108411235385,218.0,32.217516565415956,0.013851717738255463,0.015238617213227218,1.4662336761941844e+73,4429625.87,1915615.98,40.0
2020-03-11,5.385823622525806,0.08890060369262973,219.0,35.839225209740015,0.01397859153722633,0.015362613852199827,3.0871430828409635e+73,4306226.59,1925615.98,40.0
2020-03-12,-0.6914810720877897,-0.012458211338530416,220.0,38.59077577043924,0.014960453933758014,0.017292259065569936,6.228731775897395e+73,4001002.25,1962615.98,41.0
2020-03-13,2.4799485286334773,0.04528279854839163,221.0,21.005393374570808,0.015277853535315524,0.01703315169335238,1.2877229708588007e+74,4273933.72,2039924.95,42.0
2020-03-16,-3.038806845542902,-0.06187213067323296,224.0,24.862770140838197,0.01687074655738779,0.018816802001139752,1.0874853246369565e+75,3908416.46,2195542.89,42.0
2020-03-17,-2.55274621940388,-0.05136919327633938,225.0,20.22963584677741,0.016841791855044447,0.01883743126214731,2.1581200219742326e+75,3943055.72,2195542.89,42.0
2020-03-18,-7.610761879389174,-0.16418808980157482,226.0,20.59420673298076,0.018055383107109736,0.021141630681519467,4.0734770923225526e+75,3604587.1,2245542.89,42.0
2020-03-19,-4.125525747895735,-0.09172017424133934,227.0,24.40708918705954,0.01860710297373898,0.02131272707125976,7.943451204246046e+75,3858550.17,2245542.89,42.0
2020-03-20,-4.636394504737575,-0.1023748045320407,228.0,24.91064441258781,0.01857944985998888,0.021214428785049547,1.541448069142745e+76,4169905.23,2595542.89,43.0
2020-03-23,-6.875617780516862,-0.15314692799927965,231.0,25.63289693938892,0.01874203354342858,0.021274702670385923,1.1009430344395022e+77,3980555.77,3300542.89,43.0
2020-03-24,-4.601791441392809,-0.10369713256342819,232.0,21.87690090029392,0.018960944306109933,0.02138963742286327,2.135441238150596e+77,4227446.75,3356744.42,44.0
2020-03-25,-1.3751801648826905,-0.031718857923961494,233.0,21.559171156963746,0.019407879595010353,0.02100484049741677,4.2754309360287314e+77,4508554.36,3356744.42,44.0
2020-03-26,-0.4586477345776086,-0.010572591263188073,234.0,19.12525208720314,0.019400515704431093,0.02104702350331267,8.638894269108714e+77,4599606.77,3364744.42,44.0
2020-03-27,-1.2969952045703488,-0.029883456277819683,235.0,21.94801374177313,0.01939114885007772,0.02097655078877463,1.7312341699859024e+78,4523655.65,3363563.88,43.0
2020-03-30,-1.3135268928283093,-0.030065065870409847,238.0,20.596710236215813,0.019330980545108994,0.021272463197454943,1.3932396661882212e+79,4598178.42,3436202.8,43.0
2020-03-31,-2.385612178731899,-0.0546340944489764,239.0,20.864469695836057,0.019341698037573237,0.021224257283478085,2.7623243270892473e+79,4500932.72,3436202.8,43.0
2020-04-01,-3.71463669681874,-0.08879126127645812,240.0,21.056866234680456,0.019382681901003746,0.021218094592453725,5.4035578892888525e+79,4429557.03,3486202.8,43.0
2020-04-02,-3.5942041891650334,-0.08573608776768392,241.0,19.808431130850543,0.019342869611263344,0.021223793334238763,1.0584760652617045e+80,4442003.93,3486202.8,43.0
2020-04-03,-4.703432099163128,-0.11069216221432979,242.0,21.10226542751504,0.019361450954056617,0.021187100644980892,2.050040430572954e+80,4339783.13,3486202.8,43.0
2020-04-06,-2.9676720048072434,-0.07033128200606695,245.0,18.94595910767619,0.01949703369586075,0.021199340714713927,1.515801020541637e+81,4498928.02,3486202.8,43.0
2020-04-07,-1.4224097310953292,-0.03448207147138075,246.0,19.01266525529043,0.019562053751977237,0.021274761590128966,3.0349869457230645e+81,4642980.83,3486202.8,43.0
2020-04-08,-1.0191439099952904,-0.02583434926033808,247.0,16.93837051417484,0.019528663771269307,0.02129346067538713,6.101960049228253e+81,4731459.8,3536202.8,43.0
2020-04-09,-1.1344136328157233,-0.029150818060035225,248.0,17.844832794549667,0.019489774980585305,0.021202607297254705,1.2255195833470055e+82,4721458.88,3536202.8,43.0
2020-04-13,-1.0968213136797431,-0.02808346910957362,252.0,16.729333984724082,0.019335896972397335,0.020938079037020794,1.9950543083762198e+83,4721375.74,3531119.0999999996,42.0
2020-04-14,-0.7299511576339945,-0.01852418582199243,253.0,16.159833855136196,0.019302498695325125,0.020954146210621447,4.0239244948044547e+83,4756354.12,3531119.0999999996,42.0
2020-04-15,-0.7249851311608311,-0.018159507273856783,254.0,17.265477234847214,0.019264317154923483,0.02087171998080101,8.117122207861483e+83,4757595.81,3531119.0999999996,42.0
2020-04-16,-0.7686708839060296,-0.01932901843909839,255.0,18.42347102958759,0.019226488693787718,0.020788337466050775,1.6368300620860886e+84,4954321.39,3731119.0999999996,43.0
2020-04-17,-0.7803198787834389,-0.019812663917158094,256.0,17.36333762424977,0.01918877835216874,0.020707145266172396,3.3005888163020894e+84,4954011.87,3731119.0999999996,43.0
2020-04-20,-0.2672363277573645,-0.006655148420375802,259.0,18.244060721371767,0.019086499014742096,0.020569019165525088,2.7200208610064974e+85,5004316.85,3731119.0999999996,43.0
2020-04-22,1.1145296416166046,0.029031921024183387,261.0,18.591499365031794,0.01909103693621356,0.020647994506357254,1.1324123974050077e+86,5137633.31,3731119.0999999996,43.0
2020-04-23,0.3551811144534796,0.009170204951918011,262.0,18.485460938943334,0.01907600621186171,0.020577171607307147,2.3093195051327612e+86,5065331.27,3731119.0999999996,43.0
2020-04-24,-1.1080697219061992,-0.028672727472023006,263.0,20.775938916073915,0.0191187809581741,0.020582286149601,4.6430338257750157e+86,4925314.31,3731119.0999999996,43.0
2020-04-27,-0.4663183742050001,-0.012105304198783086,266.0,18.219478838906262,0.019180126090931737,0.020615943738372115,3.7975617936482144e+87,4992549.75,3736119.0999999996,43.0
2020-04-28,0.8188056948642336,0.021281876594068577,267.0,17.23094003162233,0.019203807529985344,0.020669866649688964,7.7809567556811755e+87,5117454.18,3736119.0999999996,43.0
2020-04-29,1.3320277710605999,0.03519028645727948,268.0,16.31296489771662,0.019176446941488953,0.020690396402086454,1.6022602347702654e+88,5167570.1,3736119.0999999996,43.0
2020-04-30,0.09549219975253026,0.0025376624180443812,269.0,17.073541757506558,0.01919375797315064,0.02066045801995593,3.260357607781581e+88,5056833.19,3744219.0999999996,43.0
2020-05-04,-0.18190436865210066,-0.004791334970992582,273.0,18.03454690030569,0.019209756594821565,0.02109657585009536,5.575004122614861e+89,5030566.14,3768519.0999999996,43.0
2020-05-05,0.04922226483976406,0.0012941435632011832,274.0,17.753758884894193,0.019176493034557814,0.021106557710544507,1.1340569814911562e+90,5053571.13,3768519.0999999996,43.0
2020-05-06,0.702540501989865,0.01821231137350326,275.0,19.260542211800193,0.019156447184399423,0.021134187369841375,2.3216806319092916e+90,5117355.78,3768519.0999999996,43.0
2020-05-07,0.23943985956858463,0.006368303278559195,276.0,19.83819701519513,0.019128846182243815,0.021049550410762036,4.731998117900831e+90,5073100.01,3768519.0999999996,43.0
2020-05-08,0.3528701081953486,0.009368374058782155,277.0,17.68223893192073,0.019094612027330014,0.021054322739541345,9.655753525259552e+90,5084562.13,3768519.0999999996,43.0
2020-05-11,0.2068422648304817,0.005500926939016098,280.0,18.670308617154447,0.018993288616144608,0.02098097673839483,8.192512877944537e+91,5070936.76,3768519.0999999996,43.0
2020-05-12,-0.5167843320310503,-0.013770812701545315,281.0,18.91247356905332,0.01897684433952088,0.020907074207717747,1.6578798600632016e+92,5002120.77,3768519.0999999996,43.0
2020-05-13,-0.7134438438004628,-0.01899554312638746,282.0,18.99564905358,0.018944311340969664,0.020825137562173687,3.34880475540878e+92,4983941.23,3768519.0999999996,43.0
2020-05-14,-0.6564085946806948,-0.017898929436858356,283.0,17.53210909646287,0.018910827029555505,0.020827696318423093,6.768552332469494e+92,4990061.21,3768519.0999999996,43.0
2020-05-15,-0.8679480631371219,-0.02366864503404649,284.0,18.88943093123153,0.018878836713444744,0.020746452297311885,1.3653449695435578e+93,4970537.22,3768519.0999999996,43.0
2020-05-18,-0.2783697918959329,-0.007557173835165342,287.0,15.655767582760197,0.018794591015399206,0.020610554036136576,1.127151306907003e+94,5027443.08,3768519.0999999996,43.0
2020-05-19,0.05688938397113431,0.0015435817864703455,288.0,16.636260108197213,0.01876562265691941,0.020623928105813323,2.294273174194807e+94,5059826.65,3768519.0999999996,43.0
2020-05-20,0.3208659461871854,0.008690577611080547,289.0,16.603412917410267,0.018735318865707246,0.020634321251416694,4.6818940698883546e+94,5085362.25,3768519.0999999996,43.0
2020-05-21,0.7928612104498032,0.021242523012834604,290.0,15.743414505398317,0.01871002726788814,0.020652609204576292,9.597536169147396e+94,5145579.88,3783591.53,44.0
2020-05-22,0.2997382591393177,0.008136191290329255,291.0,15.867781379246528,0.01868534320520457,0.02057465152091672,1.9583629985584484e+95,5099311.44,3783591.53,44.0
2020-05-25,1.5801128153925657,0.042824429613928496,294.0,14.344128858555612,0.01865630361566465,0.020469971107329458,1.6840062085289518e+96,5217285.2,3779939.19,43.0
2020-05-26,2.1016658765183514,0.057537921582188754,295.0,15.055090363107025,0.01863262385515688,0.02048927481754171,3.4950407500918485e+96,5266896.43,3779939.19,43.0
2020-05-27,3.44945492579058,0.09400489330471358,296.0,14.479911726387034,0.018654226022420367,0.020257518753440163,7.345218328958433e+96,5395109.33,3779939.19,43.0
2020-05-28,3.2202333933883724,0.0882332680267069,297.0,15.229256547738872,0.018624287580652224,0.020183452808271024,1.5404398974972531e+97,5373508.18,3779939.19,43.0
2020-05-29,3.3421175691927796,0.091456295716669,298.0,15.22907515557873,0.01859325367961282,0.02018738644039688,3.2342410508445378e+97,5385045.77,3779939.19,43.0
2020-06-01,3.8845455553959805,0.10581309560168588,301.0,14.902161733941917,0.018508137283508152,0.020145309735185902,3.007892901710696e+98,5435055.53,3779939.19,43.0
2020-06-02,4.311669317255223,0.11837346754824657,302.0,13.184135974106347,0.01848192582302948,0.020025483865277784,6.370559143462561e+98,5475113.52,3779939.19,43.0
2020-06-03,4.885476541115877,0.14125476496137054,303.0,12.143931562283568,0.018459471477079922,0.019978209988266556,1.3562446349361963e+99,5532878.53,3783939.19,44.0
2020-06-04,5.091409664739226,0.14261799651051119,304.0,11.832777425757213,0.018429872885100115,0.01998436943243326,2.892620565987358e+99,5551946.62,3783939.19,44.0
2020-06-05,5.080957240710219,0.14731779862355968,305.0,10.889267706964175,0.018399559944620152,0.019917984586163326,6.168708165417513e+99,5550726.84,3783939.19,44.0
2020-06-08,6.206093575326022,0.17935219822111573,308.0,9.842845861328865,0.01833944295371401,0.019822346244062154,6.042144898775404e+100,5654448.77,3783939.19,44.0
2020-06-09,5.968819332042388,0.1724966145102708,309.0,10.35927571102135,0.018311296820771247,0.019753494714701905,1.298552321738007e+101,5632037.18,3783939.19,44.0
2020-06-10,5.734824444159374,0.16548034034482148,310.0,11.759993448230404,0.018283243273701715,0.019685332716477818,2.7849505813429222e+101,5609983.13,3783939.19,44.0
2020-06-12,5.1069442665733025,0.1459842674412329,312.0,12.505900345806424,0.018236259294247475,0.0195544899247244,1.2737642799908234e+102,5550986.23,3783939.19,44.0
2020-06-15,5.323704686145936,0.15353645195638008,315.0,13.16103929810946,0.018170129845752177,0.01961899110779204,1.2376828628283588e+103,5569768.15,3783939.19,44.0
2020-06-16,5.815046029302053,0.16615858369437347,316.0,12.968048293105644,0.018146682889937173,0.0195719499642215,2.6556499019599556e+103,5620707.14,3789739.19,45.0
2020-06-17,7.280739834285316,0.2046497001054478,317.0,13.147134764803365,0.01816818758799514,0.019494703306656806,5.772021777321918e+103,5757217.74,3789739.19,45.0
2020-06-18,7.842577416599244,0.21961203484026165,318.0,13.415638712218954,0.018145951260942816,0.01951073164086472,1.2606008230404374e+104,5808718.79,3789739.19,45.0
2020-06-19,7.940232721983559,0.22718256162296876,319.0,13.018826588838026,0.01811749974009964,0.019512748679628947,2.755279286311742e+104,5827071.34,3799739.19,46.0
2020-06-22,7.91637945585615,0.22414590378878632,322.0,13.949944157251394,0.0180329737391704,0.01945438772321328,2.875562151556008e+105,5821952.96,3819739.19,46.0
2020-06-23,7.778869286197018,0.2199109291726479,323.0,13.417656567331456,0.018005544673092927,0.019390917135641658,6.274344559679412e+105,5844503.72,3855518.83,47.0
2020-06-24,7.588850969243464,0.21516154041742688,324.0,14.678095051573367,0.01797866892774529,0.019327326854612303,1.3667375278106358e+106,5846411.87,3875518.83,48.0
2020-06-25,8.441718596435301,0.237106012940844,325.0,14.42221286277341,0.01796570005795736,0.01935113089482303,2.998867399252681e+106,6085225.13,4035518.83,49.0
2020-06-26,7.615415477207714,0.21171387777068254,326.0,15.264592257636984,0.017953083813345705,0.019296012616143048,6.5338946719989724e+106,6006791.56,4035518.83,49.0
2020-06-29,8.821463989658307,0.24503785073861484,329.0,15.279443113710027,0.017930087536862035,0.019220556338664298,6.827278066668434e+107,6120644.25,4035518.83,49.0
2020-06-30,9.169583984992604,0.25752063445470375,330.0,16.327970699136735,0.01790489979198716,0.019229454483366416,1.5070980152726767e+108,6174924.68,4057516.64,50.0
2020-07-01,10.083730682329868,0.28259448241379664,331.0,16.314669191436238,0.017893642617128426,0.019254026352458313,3.3524278107840013e+108,6261659.73,4057516.64,50.0
2020-07-02,9.818549679972074,0.27100431135028724,332.0,15.991795858348846,0.017868311813013345,0.01919173343581057,7.440208522679287e+108,6235698.69,4057516.64,50.0
2020-07-03,10.5838634241682,0.29184025836598,333.0,16.473903176295067,0.017851961970723994,0.019211712484061207,1.661739677702518e+109,6314487.08,4064151.64,50.0
2020-07-06,11.324432024590996,0.3103717898665533,336.0,15.563033450454752,0.017801519318747763,0.01926965540043482,1.8623485242337877e+110,6382198.6,4077421.64,50.0
2020-07-07,11.591172334110523,0.32136825591581714,337.0,16.93887058945539,0.01777591877388769,0.019275506192719494,4.19290740543862e+110,6406379.57,4077421.64,50.0
2020-07-08,12.501706151238851,0.34237929373269577,338.0,16.51669939605163,0.017763338502928293,0.019298291553836514,9.510121588489042e+110,6517058.56,4102421.64,51.0
2020-07-09,12.538196089747672,0.34670661504965433,339.0,16.963583426776776,0.0177370449558428,0.019240779907383543,2.1574485845140175e+111,6519302.19,4102421.64,51.0
2020-07-10,12.79588554649367,0.3533283772625315,340.0,16.635550930367632,0.01771162285905433,0.01924608680490059,4.904082074006187e+111,6550488.94,4110421.64,51.0
2020-07-13,12.011728405327958,0.32954778278619706,343.0,16.89173232232218,0.017648019200035135,0.019201842778556365,5.7215622174179245e+112,6497785.91,4151421.64,52.0
2020-07-14,12.416784199443303,0.3372174197372426,344.0,16.190559916418355,0.017624517325332177,0.019210911840093332,1.2960556304458542e+113,6535084.59,4151421.64,52.0
2020-07-15,13.218217841836246,0.35747357400045826,345.0,16.068936110221518,0.017608770891352526,0.019229942021340492,2.9547002358867256e+113,6611241.31,4152421.64,53.0
2020-07-16,12.712976634907276,0.3424901565450107,346.0,16.520094855254694,0.017588382911810977,0.019169469319971863,6.708245005573866e+113,6565823.72,4155561.48,53.0
2020-07-17,14.179514764016231,0.37950974474710836,347.0,16.485562459024898,0.017598158238508164,0.019205317952159053,1.541147169151881e+114,6712073.4,4162115.46,54.0
2020-07-20,15.674707387689065,0.4213541074477106,350.0,17.158815668807737,0.017626664126489,0.018982578072399593,1.8914305225737658e+115,6876367.18,4195223.42,56.0
2020-07-21,15.139058667601475,0.40794655669721547,351.0,16.3696140662857,0.01760708594520896,0.018978697102225148,4.379192740538115e+115,6828267.72,4199023.42,56.0
2020-07-22,15.573611282685192,0.417801285861822,352.0,16.812630067183722,0.017584068615769385,0.01893391824448342,1.0172696313393078e+116,6968742.3,4299623.42,59.0
2020-07-23,14.65616184546598,0.39164533007456326,353.0,17.49280438124186,0.017573723816346795,0.01893796029227489,2.345984159821135e+116,6885227.36,4304623.42,59.0
2020-07-24,14.42569587553469,0.3849190779618142,354.0,17.02551427986685,0.017550200141405205,0.018880521697606775,5.3997593322650474e+116,6899746.45,4342623.42,59.0
2020-07-27,15.039468812216496,0.4003145454698404,357.0,15.822291777380887,0.017482943660427106,0.018779057776907474,6.613790519275147e+117,6975029.98,4439623.42,60.0
2020-07-28,14.816959341756295,0.3955469487572001,358.0,15.931062795138095,0.01745971961471324,0.018723083359614152,1.5262306393487455e+118,6952192.98,4439623.42,60.0
2020-07-29,15.050380972794105,0.40344936095479533,359.0,15.02562250262142,0.017435745964719435,0.01872692844330859,3.5280504210703416e+118,6995253.89,4461623.45,63.0
2020-07-30,15.777617870653595,0.42155656817484854,360.0,16.323471362770604,0.017418169976570263,0.018742144987732298,8.20129985801701e+118,7098462.24,4495562.55,63.0
2020-07-31,15.298813473770998,0.4097602923167785,361.0,17.392849309731435,0.017398376734809703,0.01868665793223193,1.899192325903766e+119,7055890.05,4500562.55,63.0
2020-08-03,15.143111389788475,0.4027957572392637,364.0,17.397762373208987,0.017336018105811885,0.018523060565086222,2.3546925904531153e+120,7090075.34,4564562.55,64.0
2020-08-04,14.17510586951642,0.37481819876414546,365.0,17.668282689730706,0.017327652859318494,0.018731039569447362,5.402994491283075e+120,7005714.67,4574562.55,65.0
2020-08-05,15.096041154882744,0.3990328654691592,366.0,17.590895489993596,0.017315465110036198,0.018498624150053218,1.2486638330133402e+121,7111991.04,4591578.4399999995,66.0
2020-08-06,15.855870708935816,0.41690860898229914,367.0,17.263949659742156,0.01729909962880765,0.018514278147908868,2.9025963750027e+121,7199667.33,4606005.949999999,68.0
2020-08-07,15.22046274184205,0.39936614380379204,368.0,17.545031056192467,0.017282528990117303,0.0184624866577879,6.713627235108923e+121,7147376.11,4616705.949999999,69.0
2020-08-10,14.96366945905395,0.39203381752317046,371.0,16.699235265412312,0.017227902808440325,0.018551969293072203,8.28820159659797e+122,7119167.5,4639105.949999999,69.0
2020-08-11,14.410753586639782,0.3771569717394443,372.0,16.98897866277989,0.01721006202644354,0.018498787375736445,1.9042428945374888e+123,7064326.03,4639105.949999999,69.0
2020-08-12,14.392937639448661,0.3761081205532647,373.0,17.20096312767112,0.0171869959540355,0.018448025325558913,4.3739829876217947e+123,7069156.75,4647026.56,70.0
2020-08-13,14.33780082473753,0.37354760893462885,374.0,18.444247062702885,0.017164123656145818,0.018397036811558083,1.0041516894578703e+124,7062276.93,4646847.72,72.0
2020-08-14,14.39448276639721,0.3747039653291409,375.0,17.744910134316548,0.017141161621614425,0.01839705836559489,2.306036634364749e+124,7067445.07,4647847.72,73.0
2020-08-17,13.116822414311114,0.3383205438030682,378.0,17.932264931442948,0.017099344555598035,0.01836821629005636,2.764699382646528e+125,6940714.71,4649847.72,73.0
2020-08-18,15.062863687560869,0.3862856534073973,379.0,18.34131795326906,0.01713355126411472,0.01826770536096474,6.382284494901885e+125,7182799.27,4699847.72,74.0
2020-08-19,14.521036684317155,0.3708545807332438,380.0,18.75738030271348,0.017115985441504535,0.018359587751117748,1.4670755322536022e+126,7140877.33,4711847.72,76.0
2020-08-20,15.355813268116908,0.39153398603706147,381.0,19.423397368046675,0.017102357576978887,0.018234017788154474,3.393946972632136e+126,7221935.15,4711847.72,76.0
2020-08-21,15.70543552775502,0.39991919083838723,382.0,19.682277623326694,0.017081088228685277,0.018240203130988616,7.871855642068815e+126,7255767.48,4712847.72,77.0
2020-08-24,15.804240643908713,0.4020693731929589,385.0,19.115391406573128,0.01701658529930671,0.01820557225445392,9.825214175598823e+127,7304744.47,4759456.7,78.0
2020-08-25,16.031701210861875,0.40733407166567914,386.0,19.49122519713631,0.016994844932811424,0.018209008458588465,2.2833193938502065e+128,7325568.05,4759456.7,78.0
2020-08-26,15.750105193814335,0.4003142139022441,387.0,20.56420747493312,0.01697441416684101,0.018158357115574317,5.2943882869376554e+128,7301717.08,4764456.7,79.0
2020-08-27,15.634326447561504,0.3968319806034278,388.0,20.38783172488418,0.01695289679957277,0.018109346850369086,1.2264073974798412e+129,7274007.19,4749456.7,80.0
2020-08-28,16.29058265229182,0.4136859057350951,389.0,19.70848008227496,0.016935925903568478,0.018121681346931214,2.8548524223143467e+129,7321934.84,4734456.7,80.0
2020-08-31,15.538177033083787,0.3944546225518598,392.0,21.2899344285679,0.016889898987916617,0.017876300885784447,3.5795482171859657e+130,7252249.23,4711451.44,79.0
2020-09-01,16.588709078532936,0.42201894209475815,393.0,19.94544533892518,0.01688181097354466,0.017896463899034553,8.348715922780449e+130,7354955.08,4712451.44,80.0
2020-09-02,16.693648678818448,0.424131457348346,394.0,20.213628139779047,0.016860337010937705,0.01789719743485225,1.9485141039917535e+131,7375276.71,4724101.44,81.0
2020-09-03,15.197712546459261,0.38468251806563836,395.0,19.449544134160778,0.01686954587670026,0.01810196832655411,4.4969762604106695e+131,7230469.11,4723096.420000001,81.0
2020-09-04,15.505375297644795,0.3919970101081005,396.0,19.49417712553669,0.016848999717890632,0.017883720135190382,1.0401820047626895e+132,7278047.83,4742096.420000001,84.0
2020-09-08,14.828264236695778,0.37770417749107565,400.0,19.548860364567535,0.016774999436525856,0.018076018509281446,2.9609526500791406e+133,7210428.71,4803096.420000001,85.0
2020-09-09,15.210289519414022,0.3814319498213629,401.0,18.8938078307979,0.01675540596267772,0.017860630030153583,6.829757807867051e+133,7247252.71,4804096.420000001,86.0
2020-09-10,13.685377832550609,0.3516208475026434,402.0,19.30108219756259,0.016766696633043584,0.01806587703235347,1.5573643707924705e+134,7102629.5,4805600.420000001,87.0
2020-09-11,13.24072046343895,0.339180625901959,403.0,19.5481100551069,0.01674923958427811,0.018062035708175547,3.5388852874350034e+134,7127107.88,4873948.420000001,93.0
2020-09-14,14.738484895802996,0.3725362862088839,406.0,19.619071454612985,0.016722518501180204,0.017950406344833074,4.199526668956989e+135,7497094.2,5236053.420000001,112.0
2020-09-15,15.441328550442599,0.3840757982684485,407.0,20.476102841378715,0.01670749321260176,0.01796333567399161,9.702008801301504e+135,7905501.14,5574600.420000001,118.0
2020-09-16,14.764393032103236,0.3667180641260421,408.0,20.314249201483207,0.01669386834928843,0.01791789780903188,2.2298819791099276e+136,7863362.3,5604206.420000001,123.0
2020-09-17,14.906346414182721,0.3698330319875735,409.0,20.050137246873874,0.01667349107407939,0.017919565958970235,5.130114271747887e+136,7876989.08,5604206.420000001,123.0
2020-09-18,14.250868788278076,0.3585407396262107,410.0,20.974919574125487,0.016659624135591362,0.01805030045911574,1.174349204151476e+137,7910717.78,5707538.610000001,128.0
2020-09-21,13.639375266928296,0.3450201177521862,413.0,21.32213979822411,0.016617874714054737,0.01791190356995329,1.4018294832581756e+138,7873871.31,5945526.370000002,128.0
2020-09-22,14.013902888527173,0.35403743902868334,414.0,21.53168929865144,0.016599165352860955,0.017918415216633194,3.2022376955513515e+138,7918733.26,5951526.370000002,129.0
2020-09-23,12.626043099857544,0.3182380058074655,415.0,21.43426582305944,0.016605528229025588,0.017896112623816445,7.238672551785309e+138,7821848.05,6001526.370000002,131.0
2020-09-24,12.87730508069537,0.3247584538203964,416.0,20.444874817103667,0.016586092843771643,0.017900277382908936,1.6393323907502795e+139,7847798.99,6001526.370000002,131.0
2020-09-25,13.253386865088553,0.3338780864145542,417.0,21.026601846528074,0.016567628487481605,0.017906909144899383,3.7229686182500825e+139,7872769.62,5987150.130000002,131.0
2020-09-28,11.701691723590367,0.29241990088265135,420.0,21.266853666862957,0.016545181886635334,0.017908752030813224,4.308916459027163e+140,7719718.32,5972397.650000001,133.0
2020-09-29,11.319403214415042,0.2825124141994602,421.0,21.764474298614292,0.016527937163043585,0.01786175096029137,9.640578362211434e+140,7681714.96,5975981.650000001,133.0
2020-09-30,12.16515399000231,0.30357837808053983,422.0,21.91057601178906,0.016517440140848393,0.017878128568645006,2.1709482053667344e+141,7802921.28,6006981.650000001,134.0
2020-10-01,13.194574835127673,0.32931014626248295,423.0,22.353416643500555,0.016511270546094713,0.01789796893462957,4.927226904240147e+141,7909321.65,6002847.8900000015,133.0
2020-10-02,12.307403364104546,0.30660493857523036,424.0,22.576582706476643,0.01650299919798513,0.017858000768336605,1.1107637480917318e+142,7814124.66,6002847.8900000015,133.0
2020-10-05,13.293649668322347,0.3307870491100727,427.0,21.891593755735407,0.016478893599915032,0.017797338823396753,1.2820062375831595e+143,7936264.92,6020767.8900000015,136.0
2020-10-06,12.782664465748613,0.3153254559895532,428.0,21.3196090751719,0.016463523386151535,0.017751975436916742,2.900127689936328e+143,7905763.4,6045767.8900000015,137.0
2020-10-07,13.710426590417,0.3383781547051921,429.0,22.6050095742725,0.016454750130472574,0.01776941501378487,6.606709646777155e+143,8042331.54,6082767.8900000015,139.0
2020-10-08,14.199796671152267,0.353993890645186,430.0,20.810404385754065,0.01643809640508457,0.017777993745797985,1.5105069009548268e+144,8305226.56,6293767.8900000015,140.0
2020-10-09,13.800461537637073,0.3399137018176391,431.0,20.424125597684895,0.016421441603530682,0.017732386327924187,3.4429490100271495e+144,8265901.65,6299567.8900000015,140.0
2020-10-13,14.540646442908884,0.35589559809617605,435.0,20.28477111873599,0.016358354757515667,0.01760990419668593,9.341311388564331e+145,8400297.62,6375012.8500000015,142.0
2020-10-14,15.19035396864947,0.3742781204368366,436.0,20.45504512346549,0.01634407801587257,0.017621252515312158,2.150470275336569e+146,8524943.1,6428371.970000002,145.0
2020-10-15,15.659561165521179,0.3857927908193848,437.0,21.34094401947659,0.016327480080620453,0.01762907010389025,4.967444649067678e+146,8576184.39,6428371.970000002,145.0
2020-10-16,15.921393270187592,0.3916689127237747,438.0,22.334756586458155,0.016309326300209134,0.017632971735718077,1.1495616796682355e+147,8675055.82,6499371.970000002,146.0
2020-10-19,15.70213696120008,0.37640024355547025,441.0,21.844592324564776,0.016255772295996434,0.017596563987167607,1.4219454253188418e+148,8646686.09,6642768.690000001,146.0
2020-10-20,16.605497777389115,0.39845247358087377,442.0,21.16977158912118,0.016246002880688226,0.017612126887115487,3.3059279383665704e+148,8771722.04,6667114.3500000015,147.0
2020-10-21,16.530855173382268,0.39549598012235976,443.0,21.192385696263507,0.016227799116389316,0.017569767784420626,7.681170640171932e+148,8776150.15,6681336.330000002,149.0
2020-10-22,16.801825388619907,0.40172540784528316,444.0,20.028477900869206,0.016210016957007196,0.017573649490909286,1.7880459080310887e+149,8816631.88,6692798.330000002,151.0
2020-10-23,16.55156184541612,0.39533568478163233,445.0,20.167053677175502,0.016192781454991378,0.017530086355237673,4.154344658649317e+149,8796964.06,6702549.330000002,152.0
2020-10-26,16.335700670360424,0.3889130357543665,448.0,19.95926067619871,0.01614140478553202,0.01740118007822097,5.200514946669846e+150,8774555.87,6729051.330000002,154.0
2020-10-27,15.962917560445687,0.3800285018131918,449.0,20.77920728322727,0.01612537059116526,0.01735851729140517,1.2026331585352954e+151,8782659.24,6780051.330000002,154.0
2020-10-28,13.105508135508504,0.3206381402708568,450.0,21.37408970854602,0.01619794841441674,0.017439130546740515,2.724592366739999e+151,8472683.68,6784603.330000002,155.0
2020-10-29,13.94453752706343,0.33322215283886675,451.0,21.73752480440699,0.016187904514569657,0.017453759160161755,6.211139156939712e+151,8570822.52,6788103.330000002,157.0
2020-10-30,12.53315705713749,0.30802971621002506,452.0,22.862649643670046,0.01619439193030726,0.017434836234689232,1.4012247060341764e+152,8443725.01,6819551.330000002,160.0
2020-11-03,13.853561357083688,0.3409221358478515,456.0,22.432402026073408,0.01621679308651067,0.01744019085647621,3.666152525893514e+153,8623058.51,6940319.930000002,162.0
2020-11-04,14.952331426790153,0.3685784661540891,457.0,21.813440207095205,0.01621279151802999,0.01745948733232835,8.42251184492228e+153,8748751.53,6940319.930000002,162.0
2020-11-05,16.777614555615575,0.40727443235855193,458.0,21.323478155297877,0.016233361107917437,0.01745330287695433,1.9613759589035648e+154,8994223.35,6974319.930000002,165.0
2020-11-06,17.36136582665365,0.41587014136983647,459.0,21.979611654076628,0.01621888081752014,0.017462675750339187,4.586606588451393e+154,9097793.32,7012004.650000001,169.0
2020-11-09,16.748738927326592,0.40073039914373754,462.0,18.413271067667434,0.016177445029276916,0.017440856594018485,5.837616117688111e+155,9028018.02,7092374.090000001,169.0
2020-11-10,15.32468974848348,0.36677311411301095,463.0,15.092434112638516,0.01618249787315794,0.017420428961335346,1.3447427980783788e+156,8876606.1,7103374.090000001,171.0
2020-11-11,15.786194761221374,0.377742086563491,464.0,16.124254661837966,0.016167035979258608,0.017427791183879555,3.108005182668916e+156,8928659.82,7103374.090000001,171.0
2020-11-12,15.549400910976264,0.3727975636721085,465.0,17.80147657922556,0.016150442689156188,0.01738686749254784,7.170344630971797e+156,8900267.03,7103374.090000001,171.0
2020-11-13,16.740676482713475,0.4020094535212729,466.0,17.130084032996646,0.01614815140911062,0.017406910706231425,1.6686934169769358e+157,8982643.03,7048484.680000001,171.0
2020-11-16,16.46858544556037,0.40063073890090845,469.0,15.29443959198226,0.016127264860618398,0.017405846114712787,2.098843917193529e+158,8959819.91,6948705.86,172.0
2020-11-17,16.387217470735525,0.39834119113460315,470.0,14.47307885608352,0.016110237608044073,0.017366629500248122,4.871002220836639e+158,8974295.64,6973770.86,174.0
2020-11-18,15.934171936316634,0.38734256145468515,471.0,15.015194453184181,0.016095728712232006,0.017326075209263787,1.1266793552620865e+159,8926511.65,6978770.86,174.0
2020-11-19,16.28920001213583,0.3901030651683613,472.0,15.125113940087953,0.01607967932942567,0.017331317482013258,2.612579617688515e+159,8970125.8,6982970.86,175.0
2020-11-20,16.37759962134348,0.39174277595584717,473.0,15.858410261761293,0.016062656139274097,0.01733203033069931,6.061513236564024e+159,8978928.48,6982970.86,175.0
2020-11-23,17.162624600944238,0.414481245092881,476.0,15.689259134108008,0.01601720217484788,0.01734519648720578,7.611011412993201e+160,9060707.33,6979978.37,174.0
2020-11-24,17.982576828162873,0.4333354067006868,477.0,14.85054012104379,0.016006617213631946,0.01735793611850943,1.785709980177312e+161,9168380.68,6994978.37,175.0
2020-11-25,18.979757768870133,0.4579439902886916,478.0,15.780130885008264,0.015999055141940933,0.017373414790660388,4.219374892887691e+161,9291683.76,7004978.37,175.0
2020-11-26,19.695936371928028,0.4747339105867396,479.0,16.5692122818679,0.01598667242956356,0.017384056011950817,1.0019678136781586e+162,9362950.99,6995608.45,175.0
2020-11-27,20.007812970297323,0.47551066087231847,480.0,16.66854486097656,0.015970602872281216,0.017388086454806984,2.3843460791799006e+162,9394730.99,6993467.87,176.0
2020-11-30,19.731068945298755,0.46924523317118916,483.0,17.964965980397327,0.01592339552801554,0.017355711136372343,3.205624055905468e+163,9352131.59,6983977.47,175.0
2020-12-01,20.352335182284975,0.49052345267068903,484.0,16.552757861238316,0.015909960496078734,0.017364561660399035,7.643278102983591e+163,9433575.06,6996265.47,175.0
2020-12-02,21.021083571233277,0.506374977611793,485.0,16.958471904455898,0.015897029187213165,0.0173740431004422,1.8307789842291164e+164,9567023.53,7055122.67,179.0
2020-12-03,20.771976368752846,0.49347316618994874,486.0,16.3391333709745,0.015881517279254718,0.017334114613297067,4.3772217709189093e+164,9547038.41,7065122.67,180.0
2020-12-04,22.20776085478386,0.534238313303947,487.0,16.934701292790127,0.01588319557303114,0.017355537545912736,1.0570547410203635e+165,9834104.75,7187510.16,182.0
2020-12-07,21.998539864769207,0.5285315798763416,490.0,16.749999436325357,0.015870734276861916,0.017038134377618322,1.4864021072095025e+166,9817591.8,7441181.2,181.0
2020-12-08,22.201817510401003,0.5319966617842296,491.0,16.767712539668697,0.015854686103310627,0.017040080504578677,3.588697136483434e+166,9868536.66,7470501.2,182.0
2020-12-09,21.462591012670114,0.5073209256782503,492.0,16.504640034946423,0.015844217051582506,0.01717907682249099,8.619915887553698e+166,9819593.28,7508001.2,183.0
2020-12-10,21.746150236786185,0.5210151330302527,493.0,15.088341106011129,0.015828520009299483,0.01718228025492997,2.0743064651020606e+167,9855688.77,7512935.05,185.0
2020-12-11,22.662536132710407,0.5423370139892825,494.0,16.18892166806484,0.01581894165094396,0.01702003595724871,5.022864157372046e+167,9997091.36,7548835.05,186.0
2020-12-14,22.73218511592998,0.5350752499499585,497.0,16.669682449549267,0.015783880587025803,0.017010160047742678,7.132854997301053e+168,9984054.84,7604601.34,186.0
2020-12-15,23.795830957028873,0.5671136414049003,498.0,16.53891574201072,0.01577656330012985,0.01702454214184514,1.7399786615453225e+169,10107885.34,7605601.34,187.0
2020-12-16,24.476677461149794,0.5820133504980873,499.0,15.97597203177857,0.015763772126766426,0.017033129641519495,4.263657593278427e+169,10236285.63,7656601.34,187.0
2020-12-17,25.126979675613388,0.5967526556566852,500.0,16.313681107225012,0.015750649517425407,0.017041166634494214,1.0492439850202265e+170,10322093.55,7668353.51,188.0
2020-12-18,25.88190058536113,0.6151559621316346,501.0,17.450452085242496,0.015738573451304264,0.017016308513648267,2.594915802135259e+170,10412797.75,7672660.4799999995,190.0
2020-12-21,24.461661415243878,0.5772110222495251,504.0,17.64184004070711,0.015717067780473947,0.0170480250417718,3.887383948066397e+171,10356307.14,7793274.419999999,191.0
2020-12-22,24.43083681069821,0.5765420156608911,505.0,17.034164414383802,0.015701575861684886,0.01701248947033372,9.518252714227293e+171,10452446.54,7895087.419999999,191.0
2020-12-23,25.036279213416613,0.5829002296177431,506.0,16.770625337609676,0.01568824898177762,0.016985835084437212,2.3397869011241606e+172,10576231.03,7948787.419999999,192.0
2020-12-28,25.235947862177564,0.5933740259115675,511.0,15.680561450171144,0.01561134309184842,0.01688161346273231,2.1008490931822762e+174,10605840.0,7969507.459999999,195.0
2020-12-29,25.91472936350546,0.608858343645912,512.0,16.170547249187724,0.015598854325682462,0.016856500189645057,5.189730049982779e+174,10684797.62,7969507.459999999,195.0
2020-12-30,26.855672271356998,0.6316493760464914,513.0,17.598448136130912,0.015589338589216968,0.016867976714024697,1.2899140076990163e+175,10864090.95,8038257.459999999,198.0
2021-01-04,28.005737825570286,0.6477196676137585,518.0,18.941359240071115,0.015520920947598403,0.016745865912110646,1.231575277176263e+177,10998028.17,8049757.459999999,201.0
2021-01-05,28.814855008780178,0.6657665742835347,519.0,19.48736379066914,0.015509705707786264,0.016755063528056145,3.097632379372602e+177,11174220.7,8131327.459999999,205.0
2021-01-06,29.06913753520165,0.6710019778608802,520.0,19.83833487726774,0.015494931566084913,0.016757042456905402,7.802852455187795e+177,11294870.39,8223997.289999999,207.0
2021-01-07,31.988245132872407,0.7405903282058119,521.0,20.75342029725709,0.015541238649971173,0.016794111400913282,2.003778775558519e+178,11674489.12,8238998.7299999995,209.0
2021-01-08,33.426908434194644,0.7863476096260873,522.0,19.96684384662378,0.015538508086271281,0.01681069400779898,5.1926880781673855e+178,11883008.14,8272998.7299999995,211.0
2021-01-11,33.01843791138598,0.7742615365078929,525.0,20.981426338825266,0.01551994813795492,0.016776080714998354,9.011900770671743e+179,11888873.19,8400398.73,215.0
2021-01-12,33.6346005730582,0.7786841275558585,526.0,20.73625000933483,0.015506784235312609,0.016782115043222624,2.3376427427186634e+180,12013903.74,8452842.030000001,219.0
2021-01-13,32.89520450119812,0.7695135621959879,527.0,21.566938370090792,0.015496616458009066,0.01674845078280957,6.035114756532429e+180,11959082.51,8490285.030000001,222.0
2021-01-14,34.05327932274461,0.794989684946687,528.0,21.332661665159527,0.015489093498159216,0.01676112109421482,1.5693483336829093e+181,12102610.84,8492785.030000001,222.0
2021-01-15,31.8933405910782,0.7389909546651596,529.0,21.630199453355186,0.015505209897562757,0.016792162342439194,4.0268981835454636e+181,11888704.97,8538978.590000002,222.0
2021-01-18,32.41215025401577,0.7536185342110568,532.0,21.39716699288783,0.015523750589938198,0.016795281288060585,6.827706544320831e+182,11918931.25,8591927.670000004,218.0
2021-01-19,31.902111834656964,0.7411904420008609,533.0,21.504000008507447,0.015511558462040937,0.016760706594034155,1.7523710935782741e+183,11889049.09,8627011.670000004,218.0
2021-01-20,31.783501577332604,0.7289158614068229,534.0,22.193021864257734,0.015497320367972304,0.01672710101541204,4.493561019038922e+183,11882604.42,8637901.670000004,220.0
2021-01-21,31.04919330033875,0.7101776988673626,535.0,22.657262182773945,0.015487263837638383,0.016694093228049,1.1468189592585163e+184,11793913.44,8641401.670000004,220.0
2021-01-22,30.754344261936808,0.7033496012318179,536.0,23.392254645756914,0.01547380173708575,0.016660070957308724,2.9209878073617296e+184,11986101.6,8872369.380000005,228.0
2021-01-26,30.036220769595644,0.6840085093140741,540.0,23.49345367469215,0.015423508081266114,0.01652955634875374,1.2228909955801068e+186,11986943.02,9437647.840000005,231.0
2021-01-27,28.03644276673962,0.6354245478905443,541.0,21.817081216168738,0.01543698692987084,0.016556429390427493,3.0596566311859397e+186,11773155.57,9472528.290000005,233.0
2021-01-28,29.772358414899173,0.6720089759932232,542.0,21.363966575759694,0.015442402586635704,0.01654671956200022,7.742029452836046e+186,12063173.69,9540151.460000005,238.0
2021-01-29,27.112197844295682,0.6132813919650238,543.0,21.671764770276194,0.015475621444211093,0.016602482567654796,1.9264889245605195e+187,11758690.53,9566796.460000005,239.0
2021-02-01,29.506705551195157,0.6762087988745993,546.0,22.486284138689488,0.015571403777885023,0.016682708523128253,3.018271082367909e+188,12445852.23,9976003.050000004,244.0
2021-02-02,30.529920579221862,0.6983002132164465,547.0,23.03629522706873,0.01556319129773678,0.016694215783026288,7.687046703332548e+188,12607002.26,10002476.020000005,248.0
2021-02-03,31.675306026668085,0.7233499058403533,548.0,23.083235156328705,0.015556486685674905,0.016707048228991737,1.9720538830152627e+189,12783863.59,10027851.020000005,250.0
2021-02-04,31.36151402390752,0.7153072235862664,549.0,23.134911730330742,0.015543310169945052,0.016673926026127484,5.048439959134562e+189,12920993.77,10209355.170000006,252.0
2021-02-05,32.29778926977215,0.73600036731799,550.0,23.538308930848128,0.015533839320692768,0.016684033136311633,1.2999992612270036e+190,13051800.32,10215419.040000005,252.0
2021-02-08,33.333548688887596,0.7497900705351968,553.0,25.13486947782948,0.015506052273771853,0.016684580214374495,2.2335467256900705e+191,13205587.47,10248546.780000003,252.0
