,alpha,beta_Market,beta_HML,beta_SMB,beta_WML,beta_IML,pvalue_alpha,pvalue_Market,pvalue_HML,pvalue_SMB,pvalue_WML,pvalue_IML,tvalue_alpha,tvalue_Market,tvalue_HML,tvalue_SMB,tvalue_WML,tvalue_IML,fvalue,f_pvalue,R_squared_adj
2013-12-31,0.007171014766324942,1.050443999142153,-0.025923038274869137,0.2182163330225953,0.08320462490711802,-0.005750466430126389,0.0016436319828773793,9.676780429983414e-20,0.7338563607290333,0.02874601761446493,0.1455928526919674,0.9564288465078181,3.3895970473686923,17.45584483156635,-0.3425074954653622,2.2733003375016483,1.4857587562106784,-0.054997191346047476,89.06206005602203,6.323292138621402e-20,0.9110302429410698
2014-01-31,0.007316532587168795,1.0908835486528563,-0.053583509028375526,0.18900518375684994,0.08040874416470419,0.023385505872670673,0.000985423677367439,4.1761439239599516e-23,0.4616283590321173,0.040380619902403506,0.14271955745997392,0.8142286946219193,3.5632414394923106,21.3278464000548,-0.7435108955513291,2.1204672759237178,1.4959357978173822,0.23656981970373822,127.09035532436847,4.744338128360889e-23,0.9347618294959725
2014-02-28,0.008456945434981412,1.0970081797784348,-0.10917538314789871,0.21642578388561265,0.056651114578061504,-0.03309412166041775,0.0003984910933995313,6.2743376908625136e-21,0.1511438891775234,0.03376545670274883,0.32610132512466405,0.764173955106711,3.8833829418536467,18.91085227902299,-1.4650090577610333,2.2025462636779807,0.994851989699877,-0.3021650522292302,90.96684746351299,4.374586270607719e-20,0.912749568223905
2014-03-31,0.008658620617492542,1.0987619403863178,-0.11306442905425411,0.2014777239281817,0.0572637474695157,-0.045022749917862384,0.00022729831966712685,2.709657495886857e-22,0.13605689827017928,0.04179641000328754,0.3280352704059488,0.6687933561628816,4.062168451044101,20.24374844577857,-1.5220795349287186,2.1048715627856773,0.990500758465039,-0.431066520877479,116.8790584259093,2.186336375501935e-22,0.9294187804182896
2014-04-30,0.008746259131583872,1.100208140980582,-0.11723127609551239,0.2013805882363709,0.05610904487552469,-0.047431667488882945,0.000149540896367645,6.801921086811536e-23,0.11209320486924247,0.03953404578845506,0.3310816884159402,0.6474931850853631,4.189658674889323,20.584803198249983,-1.6246451040226564,2.1281803578665013,0.9838941384721794,-0.46072209701611266,121.07843907695961,4.70349033641036e-23,0.9302749547921478
2014-05-31,0.009310584880040475,1.1075933851037723,-0.13478496260827183,0.23489499082963897,0.05784793020389082,-0.06588856201243318,6.306450855580571e-05,3.80864133733928e-22,0.06893154946282867,0.020231223662937965,0.3237261395309944,0.5281358846855573,4.482708549163492,20.05142201788875,-1.870507539692102,2.4210187489685056,0.9994744100822006,-0.6365512444910444,104.33209280559291,1.7113098975012426e-21,0.9215211294124614
2014-06-30,0.008746331339265865,1.1155633654956327,-0.11651222146296307,0.24949424163219938,0.07838190546240464,-0.07054640019328903,0.000200243698729042,4.3515767255976254e-20,0.12048302534539951,0.023295974566332263,0.2401206325851682,0.5077612982967195,4.115348988313372,17.871310791768444,-1.5883991512260824,2.363948791657006,1.1933736631006195,-0.668648858999943,85.1139807252072,1.3893315349751016e-19,0.9072416054975642
2014-07-31,0.00847353396090012,1.0910828316665264,-0.10787344491565908,0.24363173931635798,0.06452021914191798,-0.03474453110395944,0.000376027308511867,2.2160527637887998e-20,0.15407607869837694,0.02374563380512684,0.3058674625440888,0.7445080881660131,3.913291605784715,18.61738393919295,-1.455092038609276,2.358442886517049,1.038302195411655,-0.32833671509685425,92.08256608502298,7.841921202076603e-20,0.91556309481582
2014-08-31,0.008767715592638173,1.11911778758198,-0.12204214702516213,0.2576666350762306,0.07415520842554685,-0.052575808873774256,0.0002323971584929738,2.856799892731418e-20,0.0940837638279034,0.023621299865585647,0.26782507922844234,0.6315311133999278,4.076853144537663,18.476766289020315,-1.7183919844868005,2.3606932218899552,1.1250219134914845,-0.4835836063751013,88.97369584546557,1.4057616461910193e-19,0.9128392874600417
2014-09-30,0.008804084468035656,1.119469975554317,-0.12256048076699375,0.26072820700011967,0.07457927497776914,-0.05118752250430805,0.00031031562530669697,9.557965381244901e-20,0.09802152438167212,0.028570324298935273,0.2725506487391363,0.6473796436700845,3.9901050679480408,18.207623758512643,-1.6986067175403643,2.280974073011093,1.114262521336697,-0.46127032088450687,85.89476459829801,5.554964586317771e-19,0.9119177105674758
2014-10-31,0.010413689173506217,1.100412717432109,-0.1277226696162153,0.30182481808536643,0.04431250810980724,-0.08000889448253233,9.129593367010535e-05,1.3758299514672276e-17,0.08619281958407514,0.012485495128856855,0.5218183547842662,0.4722248674888212,4.436130846868915,16.239010736361962,-1.7670686039415935,2.638079954941448,0.6472471922817794,-0.7269626194459903,71.59420250582303,4.595194824679664e-17,0.900502846502959
2014-11-30,0.01017058965892636,1.001848627054178,-0.10315189663509466,0.20998482262473567,-0.0061136233761247116,-0.07876406761933323,6.0233223688766156e-05,2.099447048037767e-14,0.16719535601137384,0.08798522935477494,0.9290350835608653,0.48790704216602887,4.617234809875334,13.10028693621773,-1.4133905059877192,1.7598835971022333,-0.08976293993879098,-0.7017514609053821,47.01721284267726,8.118604804509563e-14,0.8614678751249292
2014-12-31,0.00882597671812105,1.104276298536897,-0.12342666721003355,0.22600950547710064,0.03620981590906223,-0.11661631409219589,0.00010798500158139062,1.6867086456193983e-21,0.06491773747112163,0.02874104447963298,0.5337748083382244,0.259484931619782,4.362821482273227,21.11707449382607,-1.9057862131686363,2.281079590842352,0.6284721443874821,-1.1462091772650993,112.36161929128937,1.5583831401371684e-20,0.9329767805807254
2015-01-31,0.008973801582123103,1.1078051883917128,-0.11649099313511789,0.2109467525527023,0.037192678204626045,-0.12306435346529762,7.233618117292812e-05,1.1628114675031346e-22,0.0650354412921859,0.038916261879479795,0.49771642267183414,0.1929595121508361,4.466314831267676,21.729006603188726,-1.9015738792933619,2.141144852851654,0.6848342910795296,-1.3260253919189346,131.0965142319453,1.7779042914501316e-22,0.9393486540323159
2015-02-28,0.009010456212660726,1.1172200625349038,-0.11218426322313349,0.21595128121412444,0.040608459454982745,-0.13095070810914755,7.739441865820401e-05,3.218635820002233e-22,0.07392810203262214,0.04328858460708023,0.47710148356654236,0.17117380156604098,4.44399306700796,21.093628634096685,-1.8391541573571277,2.0927315646481963,0.7182711430535939,-1.3955360048900496,138.93398836325832,6.449126144230279e-23,0.942597067885911
2015-03-31,0.008679815602597559,1.0922125816405415,-0.09910471555646858,0.18162271399894692,0.041976870868644905,-0.1418060899162005,0.00014327598669210565,1.1329055294067937e-23,0.10628928535589743,0.07528531647349204,0.46676834068472883,0.14162745931605675,4.226775048425282,22.6549803523325,-1.6543760451806435,1.8288060742169447,0.7351383144182619,-1.5009702680492913,148.37933308155246,7.4512551964984e-24,0.9448644905059085
2015-04-30,0.007932928719466914,1.0852926764983755,-0.09767181840689027,0.19106647218220757,0.055677301060066936,-0.14071679199487327,0.0004593227156822062,1.0931505803396683e-21,0.13216049995729426,0.08127493767769547,0.34491518858251,0.16165151415043003,3.844655310761622,20.3515171732525,-1.5396283436300804,1.7922395931181205,0.9567263898762024,-1.428095425590612,131.6615016034938,1.649454554614571e-22,0.9395950719419748
2015-05-31,0.007752019365507967,1.088674164484399,-0.09461173456845254,0.1685947378496405,0.04666408194718684,-0.12675019864249912,0.0004987696463451916,3.7477544417834264e-22,0.14129216220773883,0.12828973918636677,0.4317625155977892,0.20589061939010328,3.8162768560377196,21.000021007189982,-1.5031358429333268,1.5557122468408813,0.794863118628498,-1.2875722549205255,140.07108283336606,5.591949372904136e-23,0.9430396804674478
2015-06-30,0.007715507960120044,1.0961958485500534,-0.08151852409910407,0.15450910800765788,0.03144275199277274,-0.09374604876543535,0.0004901944401022471,9.489343794527738e-23,0.19031967777160902,0.15746330548076443,0.5938643971261461,0.32017973745433587,3.8126913389064554,21.331102850995727,-1.3334595861291139,1.4421094365322555,0.5377805333662553,-1.0072626228869104,141.18970355248402,1.82007544413257e-23,0.9422003015352037
2015-07-31,0.007907340397296236,1.0777294537876179,-0.07721576512310886,0.09828224601008465,0.03306881054506014,-0.06671951301330427,0.000365298652969029,3.0212925815035015e-24,0.19889540412775072,0.3176325871723705,0.5724231626921732,0.4706759867231419,3.9032556326056653,22.93323188183252,-1.3069153341060806,1.0123032164970778,0.5692909852611141,-0.7284728587797306,157.13815002118938,9.547995029163008e-25,0.9466466672575782
2015-08-31,0.007711732154033718,1.0736311579135083,-0.07295553822256477,0.07437379824760099,0.026980637281057505,-0.06020019916441732,0.0005846795411957238,9.393492337799152e-25,0.22551212425751913,0.4845630388586958,0.6480935380270898,0.52439897165941,3.743515132954701,23.680165812572515,-1.2314952622339452,0.7057096208251386,0.4599677198153043,-0.6423582407947044,165.45884254215503,3.66931840623625e-25,0.9492089415415613
2015-09-30,0.008007444664446996,1.0574072344489132,-0.025131145744129675,0.028574266626446007,0.03493698619878189,-0.03443419004376219,0.0008520090559017849,1.3722834151751764e-23,0.6741012055523323,0.7970617656298624,0.5790230604674835,0.7304040191306903,3.6138252065800036,21.995988059766407,-0.4237154634043017,0.25891601382877866,0.5594952424382627,-0.34707086636157647,142.39497804692564,5.886737682236699e-24,0.9414094924182445
2015-10-31,0.009194886427148372,1.0038644614299668,-0.013477111634093944,-0.0019110129876964144,-0.024635143976832377,-0.04544030491535406,0.0004180373343814855,1.3223990477354144e-19,0.8142784848617128,0.9869490748536709,0.7276387782130994,0.6433659662819957,3.877011026418531,17.646400532752814,-0.23659174835833682,-0.016468553832204767,-0.35091983283737177,-0.4668199594348732,116.93200525212492,1.2964861957264552e-21,0.9324389566229051
2015-11-30,0.009685097650769378,0.986804524033647,-8.471290629029175e-05,-0.03417086447874098,0.0003692797378173889,-0.002609778367241576,0.0006204995549201131,4.5177442214301457e-17,0.9989739167574908,0.7908692828415944,0.9958289388975259,0.9812522842429252,3.7502866148057605,15.01129172883903,-0.001294965519091805,-0.26716165304047035,0.005264099606527457,-0.02366276540543279,72.16132853223914,9.625026900335225e-18,0.8966751168150002
2015-12-31,0.008044335381209178,1.062704554349977,-0.00695343298953709,0.032035813868474955,0.06738057524348041,-0.050471943311323444,0.0014070196373220836,4.993923473833431e-23,0.9103845000630472,0.7941518400358567,0.3599445689804709,0.6340139575507252,3.4381676710767826,21.2221061939107,-0.1132865991390167,0.2627167064025632,0.9263828205627868,-0.4798505823708039,122.48538947317938,9.310976279795326e-23,0.9324559719583018
2016-01-31,0.008200870562717181,1.0778236286701914,-0.006533238754763845,0.03471795824309287,0.09333342931879766,-0.03079244511618659,0.0010265232971213248,8.246155698690428e-23,0.9144753214497845,0.774034688773106,0.2129778204535705,0.7696146432629931,3.5564886786132655,21.416478856861886,-0.10811246703207061,0.28915473439222156,1.266683201949858,-0.2949802406770266,126.73856888761502,1.257699693477664e-22,0.9359826439181842
2016-02-29,0.008200870562717181,1.0778236286701914,-0.006533238754763845,0.03471795824309287,0.09333342931879766,-0.03079244511618659,0.0010265232971213248,8.246155698690428e-23,0.9144753214497845,0.774034688773106,0.2129778204535705,0.7696146432629931,3.5564886786132655,21.416478856861886,-0.10811246703207061,0.28915473439222156,1.266683201949858,-0.2949802406770266,126.73856888761502,1.257699693477664e-22,0.9359826439181842
2016-03-31,0.007569443665287031,1.0646942625111873,0.003132893904767243,0.01647677087120257,0.08424960054987846,-0.03661679994042029,0.0023572020333132958,3.279472680841989e-22,0.9586442517743341,0.8907690379749452,0.25572780311758714,0.7244306516026249,3.2657343367154286,21.08209301040293,0.05220744780956104,0.1382799259673055,1.1544253497275099,-0.35523503428674763,125.43124277503554,3.8369613355394906e-22,0.9367618654729721
2016-04-30,0.00743351126701485,1.0704092209198932,0.0034143552186221143,0.012153932706975373,0.10395052887380103,-0.014498101739233493,0.0019178301512596757,4.619285738481308e-22,0.9546859612552234,0.9191535205603669,0.15798118832764865,0.8940886984585639,3.3408506389193717,20.87200319764309,0.057209746271749434,0.10219528993993482,1.4410478697944122,-0.1340510795436181,131.26561327855333,1.7383892114806716e-22,0.9394226167440232
2016-05-31,0.008241089397475363,1.0733212045567657,-0.03082516001700833,0.0832684961337109,0.16488545930904014,-0.0030102348297276343,0.0007549095474176352,6.796242230785952e-22,0.6054481770362027,0.48051711914347284,0.027456480548695063,0.9782244117741878,3.6724151116920387,20.637320711053437,-0.5210333112729294,0.712675555722604,2.295736755353695,-0.02748020914657079,132.504398903071,1.4756948539902114e-22,0.9399590001039231
2016-06-30,0.007241871295872458,1.0704217686525765,-0.026506974341826653,0.014960404192923854,0.20019939492412073,0.0762927009956323,0.002201757752418108,1.541878893255322e-21,0.6636513628876402,0.9026577436350508,0.00933043438390086,0.5328205202905192,3.2906552686644024,20.14677640502292,-0.43839181844727576,0.12314632389714056,2.7429613733263696,0.6296070441439925,115.09107081373419,1.7062165104577726e-21,0.9314235728025152
2016-07-31,0.006976957769002203,1.0652539950088469,-0.04055607734370892,-0.017786942630845903,0.16277061241397517,0.08606108320305567,0.0030178537574639093,1.2971996097033037e-21,0.5092548605217639,0.8794824992566979,0.017474477092552097,0.4749898454602888,3.1747886531715053,20.249420817479397,-0.6664550666872948,-0.1526770950081499,2.488049915829874,0.7217419046111633,117.73931704324868,1.1508500784379981e-21,0.93287481346013
2016-08-31,0.007066719087739832,1.064911390786473,-0.04028083019916652,-0.01820842718894157,0.16073294519170322,0.08536886412511613,0.0025568016821637097,1.2367302943468017e-21,0.5107878246623172,0.8759622161222126,0.017487152979242287,0.47928520046567136,3.235936102255808,20.277854974129852,-0.6640304907075443,-0.15717409666814114,2.4877476759518196,0.7146911040021438,117.15916787123129,1.2536402404061593e-21,0.9325621699023882
2016-09-30,0.00699325413483931,1.0668192981215674,-0.03445421436910373,-0.004655678976928869,0.1799839313111586,0.08291194942737376,0.0026158569117185945,1.1531282162453845e-21,0.569525096172854,0.9691130584501755,0.01840955169567719,0.49103213207283325,3.2275437988205655,20.319606309893004,-0.5738744863177557,-0.03898359359722256,2.4662731893265897,0.6955894142254058,116.81066131999786,1.3200032427773439e-21,0.9323729548596518
2016-10-31,0.006892952230928985,1.0853649814679551,-0.0024516399514543374,0.057797702938537115,0.2325523752027704,0.03773088379460006,0.004445384931422861,7.852110423678661e-22,0.9669899128926183,0.6343484335172729,0.0025231189008100715,0.7607253538671263,3.029859159726871,20.550124469236025,-0.04166483879752525,0.47958055488752177,3.2408057154260304,0.3067871306994216,126.7150587448777,3.2140681353366776e-22,0.937367212312981
2016-11-30,0.006891850999115701,1.0581055871682392,0.0036621480003386775,0.07202363352535196,0.2031874642517613,-0.01931914117389215,0.005977672253217925,2.0032356923411974e-22,0.9514436988449442,0.5677095046764031,0.005168923740517524,0.8806979484829447,2.9168724657228964,21.387555274205347,0.061308252397889666,0.5765876636780553,2.9725796143462517,-0.1511251542916246,128.78671636778753,2.423505000090274e-22,0.9383199755157114
2016-12-31,0.007119919444685674,1.0518277642307354,-0.003672929310046036,0.05066754769671994,0.16831804296871786,-0.018038179171383947,0.004510041995363677,6.405437390696297e-23,0.9509171978920915,0.6828749162311621,0.006456310541298347,0.8886209110444321,3.0192698827445423,21.57079066078174,-0.06196283675088925,0.4116964974788988,2.882619461344957,-0.14099216279990903,130.07692875815138,7.905418340135983e-23,0.9375349226804217
2017-01-31,0.007099179972943086,1.0511020910139244,-0.0023033971377204726,0.06956804329119705,0.18720096496414065,-0.02867716309998211,0.007272808695140062,8.683067369580813e-22,0.9699018356237556,0.5973521995212411,0.008405553382137637,0.8290312767521639,2.8455038628868112,20.99757311867464,-0.0379946874434445,0.5329366621343335,2.7885618735525597,-0.21752004773734435,122.08779173038587,1.55439115377843e-21,0.9365756047786776
2017-02-28,0.006991011497527699,1.0451911284869744,0.002842171290193457,0.03449089032275188,0.16480716792437425,-0.019863467677745245,0.0072329866922422464,3.5856349239483654e-22,0.9633593130736208,0.8001256307527381,0.009114771631270426,0.883515948879402,2.84765299905087,21.560722163633063,0.046259215201428984,0.25506348585509286,2.756451553634312,-0.14755672327859742,124.06162110672473,1.184844139632472e-21,0.9375293407862696
2017-03-31,0.006270732918043919,1.0517040083940115,0.017344175689157137,0.0015009540084175432,0.14941564599212456,-0.00746300602722233,0.01107009794136493,1.984002620647095e-23,0.7682234254238286,0.9907092209078272,0.006017106622531757,0.9542254115703376,2.6710361784797136,22.29928540706433,0.29681594343983464,0.011721390904710952,2.909695934671417,-0.057781554009421913,135.50115511801783,3.8056819741107545e-23,0.9399026514292813
2017-04-30,0.00688219025241316,1.0666033168892586,0.02348410803461449,-0.08597054663550618,0.14908596362140097,0.086364672489607,0.0038983531625304186,3.5851363445996135e-24,0.6615342839919109,0.5065602889645945,0.004222662118499631,0.5169195114614873,3.0739583816177136,23.40081259913959,0.4412476285921572,-0.6705534504772229,3.0440307417798724,0.6542053923547488,149.30256011731572,6.663754599850088e-24,0.9451889121913002
2017-05-31,0.006375187145555936,1.1107844864700411,0.05039607330550777,-0.09975480939964734,0.18805375323617968,0.13759650274907975,0.014544944555089706,2.4077832002866936e-24,0.38039308208924016,0.48265224245287686,0.0007971293479744105,0.34496829083199987,2.5574884035430503,23.076728942583188,0.8872317589004173,-0.7088195960535197,3.6368844839927585,0.9559853297267925,149.87198703064067,2.291104745139245e-24,0.9441879298553529
2017-06-30,0.0066667382974680495,1.1102208956108959,0.05245023174076751,-0.09569889193337132,0.19084129885723525,0.13915173360549368,0.011714774259976204,2.738666053886714e-24,0.35867217272377805,0.5015230068464138,0.0005972751702594032,0.3516276127443183,2.644914483191023,22.995228089985392,0.9288661015578623,-0.6784014241687762,3.736219112908058,0.9427200595422716,149.57344476866854,2.377027284830988e-24,0.9440820526427722
2017-07-31,0.006820167322971962,1.0521406898113217,0.030613541870611077,-0.11987985566786219,0.13411142348608174,0.09780917582739324,0.004368869305629251,5.010122756253675e-24,0.5474402688300324,0.3755020704306068,0.007105548496432722,0.4813439517707304,3.031241578870436,23.18170272225056,0.6070314007748182,-0.8967433663110852,2.8455942667585274,0.7111337536734784,143.81423411422742,1.307321140703687e-23,0.9432021695297674
2017-08-31,0.006995655829190858,1.0483329576165035,0.03777788145245382,-0.14371434108835368,0.1283522862569867,0.11058858478208833,0.003093652139253494,1.913337679239845e-24,0.4566155194438065,0.2868953981679796,0.007732778933236135,0.4220328382383487,3.1598072289826287,23.81683025566306,0.7521151140823942,-1.080122882327304,2.812709509524432,0.8116762124284299,153.66796136421732,3.963927628630834e-24,0.9466726067146267
2017-09-30,0.008424585359509702,1.0339110206388828,0.07812073635986727,-0.1516647155003205,0.11483104122904617,0.13145760280542537,0.00022067941125402876,3.5514051893506116e-24,0.13122064516330234,0.278192006971091,0.018017533346123063,0.34622113667217114,4.072000057055074,22.831501893250262,1.5417071529090618,-1.0997300270791064,2.4694028142205062,0.9534768386099967,144.37069728681524,4.567088958944057e-24,0.9421702065055696
2017-10-31,0.008430857812262126,1.0374840570845962,0.07734155852523145,-0.16610941241595706,0.10998562635186779,0.14189700724167723,0.0002573134350159044,5.722874525087069e-24,0.136888145427268,0.23696774620983957,0.02378102614661713,0.3120791815640592,4.02082289462999,22.53351985889653,1.5187625880297,-1.2010702671170979,2.352630677392398,1.0241416097056424,140.98689553686305,7.068438352165411e-24,0.9408550062944238
2017-11-30,0.005743297229464234,1.1026370180673686,0.04893065671036087,-0.14531684525445587,0.16825119892507234,0.12432406365236792,0.025821830350358597,1.0634470860451083e-23,0.42112111866968716,0.35197770169118847,0.0032759950592357325,0.43431282151679895,2.319800714133125,22.695450328227018,0.8132854918088338,-0.9423273788213278,3.138641543635948,0.790203313867924,136.96844898786654,3.1376639372310506e-23,0.9405126079707627
2017-12-31,0.005681592299442547,1.0974259730176406,0.04648138094081445,-0.1172800863304017,0.17096220060407236,0.09030313659858336,0.023317587717260807,7.412951155994494e-24,0.44115798270408346,0.45457725610769095,0.002760814304172683,0.5717156924832002,2.36355308103139,22.927478655586473,0.7783921968683296,-0.755549773594138,3.2016887735222648,0.5704719959184568,141.16119588237933,1.8266870793525495e-23,0.9421892251605739
2018-01-31,0.007136537583064162,1.0488362007877692,0.04261072165146901,-0.13411686326682332,0.13420212160948725,0.07126509144299586,0.0019174877860608593,1.1413291673213714e-24,0.41773778252150306,0.3306679731498533,0.0068725161488192325,0.6115152050996144,3.340915345850737,24.828065577925326,0.8195198424654724,-0.9857301844241548,2.8629365564259825,0.5122575391521609,170.59569235321126,1.7443143992655243e-24,0.9528078467015303
2018-02-28,0.008140762734753955,1.0273529764985179,0.06838988495736205,-0.13840302754900632,0.12746187307171525,0.06779665730243087,0.0010411539985432114,3.014312211918612e-22,0.21858152143255016,0.33773086225990945,0.023470547863409175,0.6442500676749323,3.567813964288693,21.672743874228612,1.252171848560747,-0.9716039957231432,2.3662649116531185,0.4656795196943304,144.68066518712624,8.668131290006002e-23,0.9460102443592994
2018-03-31,0.007643642987608912,1.024592370183297,0.09651958799714738,-0.11292497936005633,0.1501001669295787,0.029351651536805023,0.002221946447353697,4.2434094887041965e-22,0.09217029698688417,0.4340165238916278,0.009048212399303172,0.8408131620261605,3.2941056315122856,21.452489605027417,1.7301443339961207,-0.7911875012779678,2.759364300495473,0.20231027933492818,143.48953541525674,9.982342275220399e-23,0.9455834807811759
2018-04-30,0.007956329709067496,1.0166949594159818,0.10720597574849608,-0.11722091996315741,0.1477557826112556,0.042598448033059205,0.0011787157564357995,1.2151742427419473e-21,0.060134702670115905,0.4172234249441653,0.01030530074961179,0.7705837941842114,3.523569329403078,20.78689165126566,1.940875155923813,-0.8206916054369836,2.707437653208294,0.29381872384369134,137.3017316095981,2.1168465757082383e-22,0.9432532751776704
2018-05-31,0.01065323305028604,0.908805900997374,0.19268975904197677,-0.21803388625719639,0.08155344003911955,0.11544563680277622,0.0009215737937516252,4.9778848804273115e-17,0.011606242027849288,0.2572750530512514,0.2594344772837083,0.553779742707976,3.611118019438813,14.964634640952324,2.659552186759006,-1.1511106321348905,1.1458077371554758,0.5977028913073448,74.60883300855176,5.594855967891008e-18,0.8997663247544085
2018-06-30,0.010511167545001691,0.9101713047757657,0.1929230684910822,-0.2167613238068405,0.08267317565520652,0.11332999200331503,0.0009876916281033679,4.889214005981091e-17,0.01157792463995545,0.2584825672195277,0.2491460207484894,0.5584277732221888,3.5865478503754495,14.97327258732652,2.6605404166345568,-1.1481413962624027,1.1713670840051236,0.5906761006209218,76.06139562527736,4.085440907203376e-18,0.9015149825628126
2018-07-31,0.010041600160613704,0.8901612812267884,0.1975611919153773,-0.25623647797111465,0.055972764434375905,0.14361140395115304,0.0020338691831181454,1.1266816596617845e-16,0.01267327810461709,0.18392390809306586,0.39126627731717334,0.46245542794918537,3.3195308980717706,14.326506948423697,2.6201397214511823,-1.354079959087924,0.867487912774548,0.7425286002880599,72.61886604476538,4.280948369998514e-18,0.8950247558456934
2018-08-31,0.009708867303723626,0.8991061625738587,0.19250952789084042,-0.25437368989439935,0.061831945316424504,0.1267827686177537,0.0031752914548677717,1.6455155041278069e-16,0.01563378953672898,0.20318338354272095,0.40620555765711863,0.5363398864325444,3.1620103248809976,14.398095014643147,2.537615668553482,-1.2961165977599778,0.8404466218051616,0.62434206175244,70.01292363690239,1.5712176074676465e-17,0.8938001617635811
2018-09-30,0.009027139830874263,0.8483190785071094,0.23990407634889915,-0.20233734953720756,0.06506699154623993,0.10196444680994812,0.004360142443541759,4.934611782895613e-15,0.003798631369761303,0.2947353952738957,0.36274521448110986,0.604496147660804,3.042666512240793,12.868963859447735,3.0947999995879787,-1.0632804106459837,0.921847397311014,0.5225390652372196,69.64353473790786,1.711673021503705e-17,0.893289656339106
2018-10-31,0.009021958095421247,0.8482898770577076,0.2398091736294406,-0.20164981747146318,0.06561340359104374,0.10129368583993972,0.0037168620100304197,2.0413106759292698e-15,0.0032842979823339857,0.28007720639855915,0.30425538604644853,0.5952009513329601,3.0972102894155875,13.04984987787137,3.143385244640759,-1.0961952101246897,1.0418191175539373,0.5359495166697471,72.20463558475254,4.708836068865179e-18,0.8944785069575906
2018-11-30,0.007529385956291811,0.8215622425015355,0.25407459757327644,-0.10451510757465243,0.08954073747125992,-0.01126241874408361,0.02025103799509047,6.760638268076144e-14,0.006596817931713685,0.6154439942280909,0.257585804901608,0.9593131791443614,2.4292115241471945,11.767812286668761,2.883576332890681,-0.5067157239742399,1.1503455430905776,-0.05137188838989873,60.47643756779517,1.6513016770791408e-16,0.8788352298865375
2018-12-31,0.008302999161159653,0.8172965972949802,0.26359506619498374,-0.14134808190862772,0.07502664635884285,0.04590706374862665,0.010708312344294708,1.2568157598849419e-13,0.005559421349616488,0.5003764428915165,0.3457256818458936,0.8338385685618892,2.692031972264898,11.515779337133534,2.9497870451594053,-0.6807637705453792,0.9554435882997373,0.21130806264240456,58.18620989224079,3.0506204057677565e-16,0.8745912935844739
2019-01-31,0.00770937647097605,0.7736705044967606,0.28685731670740794,-0.1009037403989207,0.11439631013736988,-0.027446710414325004,0.010352020438253852,1.3812753860380601e-14,0.001840307548995485,0.56515194973451,0.12182502575384405,0.8829761439942092,2.7056233934561935,12.428522595501214,3.3629556975379047,-0.5805628023679326,1.5845061256187034,-0.14824568138134073,62.476949064112944,9.821768084755377e-17,0.8823140204882564
2019-02-28,0.00788654873473718,0.7775801250903739,0.28093006828308487,-0.15247626737096465,0.12233455736258514,0.010467697382563201,0.007675235467328165,1.0759532470063396e-14,0.002197923249330199,0.4220935430248739,0.10042007591618327,0.9564578058202247,2.8243818907348515,12.534506558646783,3.298092965920894,-0.8120618658505074,1.68613072565526,0.05498074550673667,61.448713942008666,1.2804160021766944e-16,0.8805512947128625
2019-03-31,0.007199655923138561,0.7841070547723223,0.2638451345955728,-0.15931737786898137,0.11888502535005478,0.013242546622097073,0.01792261185992994,3.2813151809429325e-14,0.005699022238274469,0.4216217175572765,0.1266745814439551,0.9473746797141906,2.4806844733570235,12.065792510908365,2.9402325449521896,-0.8128952547924443,1.5635405585982607,0.06646588204985286,51.84373183354119,1.8784974979362714e-15,0.8611198895232806
2019-04-30,0.007475071324247757,0.786628800788321,0.26905692422122107,-0.1905762703507344,0.11756279896446056,0.03803136779253319,0.014815235108357373,3.79158236519228e-14,0.0051546605341650014,0.3421703370887099,0.1340401160005079,0.8497675072956106,2.55984530000866,12.005847348681273,2.9788221644356723,-0.9625991176614218,1.532909630578641,0.190782952659604,51.339019964190896,2.1887042332819196e-15,0.8599224926379696
2019-05-31,0.007048284716826643,0.7754256701369745,0.2771192907426986,-0.19349151147575266,0.11589542118525067,0.053207661303873194,0.02361615550900569,7.780377336081338e-14,0.0041149022741260605,0.3354103583140968,0.13657251944464718,0.7920280022115747,2.363607110606625,11.710423387973496,3.0646054687296953,-0.9763423711317037,1.5226919364109643,0.26564503092113234,48.8956270810625,4.674450977925364e-15,0.8538210476165928
2019-06-30,0.007714509952240376,0.7645787780013376,0.2868640433590419,-0.18190499442627825,0.11685693171163965,0.06877789324376808,0.013163836837281222,1.601355850443654e-13,0.002597333504246075,0.3650614081856569,0.13299048871686472,0.730787240398748,2.6083560560230077,11.418176610736442,3.2366263388710856,-0.9173557776467538,1.537190277173981,0.3467643164615156,47.45990671669558,7.413790783561238e-15,0.8499814490628219
2019-07-31,0.007797537450994279,0.765881327626116,0.28600509168886956,-0.17610036970564033,0.12420170654895214,0.062001820849122424,0.011951706532518244,1.4655887589022584e-13,0.0026400939395383608,0.3815858816573926,0.11220123048538921,0.7554483786323405,2.6476721681217104,11.453811962748881,3.230589233948282,-0.8858344711154924,1.62821353083953,0.31384742742331584,47.773124158675046,6.697328942627697e-15,0.8508362017714071
2019-08-31,0.007496452937152993,0.7570371543116784,0.2959137488811401,-0.09723987845740668,0.12265087785813708,-0.028422968344688992,0.014468067924348002,9.816852255714027e-14,0.0017508822980947898,0.5907463843842031,0.11559078592146503,0.869164234280213,2.5661053776704605,11.461282402665134,3.3737931829025993,-0.5424716261789367,1.611403906932942,-0.16586753501568963,48.31955721758038,3.2475116327593785e-15,0.8492450331721287
2019-09-30,0.008688056560771465,0.7525010597401827,0.26585736308267793,-0.0841785801805628,0.12262547854993022,-0.07536706852098733,0.004216594615809087,1.3066838788298939e-13,0.00337184878942516,0.6406123548268714,0.1137785476017743,0.6626645126602047,3.049811932715282,11.34886605294697,3.1335923074193706,-0.4707082385827019,1.6197539057551698,-0.4397662686558962,43.51413932359549,1.6875603205169288e-14,0.8350163606496019
2019-10-31,0.007281462020406773,0.8458093705596028,0.19586962189817753,-0.005245678284738748,0.16904095017511314,-0.12633427154220123,0.009754620700950331,5.693286618728885e-14,0.036440080558599534,0.9766815659577777,0.021139278348895788,0.44399651855640143,2.7294171009424555,11.838233668607216,2.173007246405156,-0.029433323971011217,2.410986312298625,-0.7739790765233379,52.38139077475472,1.5985078286364628e-15,0.8623731354140456
2019-11-30,0.007552053037924724,0.8428813701208006,0.1995582857389605,-0.001070901054728842,0.16414165053222113,-0.11593644562527196,0.00791885213140433,1.0156658697434596e-13,0.040905449396002616,0.995307885193095,0.02548089974879578,0.49403085078421727,2.812092419819608,11.602008177234085,2.1206852542144943,-0.005921704387503265,2.330817475610951,-0.6909462000850798,51.38455984689519,2.1586131400723563e-15,0.8600313799159732
2019-12-31,0.0065570426850996896,0.8623067319197432,0.2531768976077805,0.01635875995014785,0.11183383169256099,-0.13782126180530058,0.024113416767309964,2.0231397898541137e-13,0.017656352916282238,0.9290962227626736,0.14785182473627242,0.41364887557306596,2.364080378446113,11.83638192532115,2.4978468314171822,0.08966399902517831,1.4819075017373295,-0.8279460184881023,45.244451824916325,7.882301065373488e-14,0.8534076505299752
2020-01-31,0.006282843393590236,0.8677706960163748,0.26327678977126034,-0.008118993719080078,0.1065512040596964,-0.1180423475998509,0.03211555882143653,2.131621485641053e-13,0.014752084414856245,0.9658980887363366,0.15281753834890288,0.49277796194700196,2.2376073781300443,11.813401469002107,2.573381705057609,-0.04307910220337936,1.4634042733049435,-0.6936141195171414,43.92257210079859,1.2006110717011605e-13,0.8495721875593133
2020-02-29,0.006540144362461327,0.8586867251209576,0.26619409959142337,-0.01888795115698358,0.1041791529857619,-0.110586108159023,0.020263127539470047,2.4825797243014808e-14,0.012322219003386868,0.9187620362351636,0.1548337743339148,0.5118662933405266,2.4355746347233445,12.566603757216372,2.6434767345821926,-0.10275380732943498,1.4550241605056031,-0.6628963393976878,50.717838454477665,8.45364222415228e-15,0.8643898969504341
2020-03-31,0.0072484288388780915,0.8396102102949732,0.20960064758351626,0.02711870295474675,0.13841745610734438,-0.125095173740999,0.00875928754916599,1.7606972023038285e-14,0.02917172196241873,0.8834360829145335,0.05052368374404298,0.46258135193369265,2.772243755074042,12.326095811195277,2.2718386586511046,0.14765865242564413,2.023225685153751,-0.7425345648592371,57.01180069286535,4.213887419228318e-16,0.8722976164580428
2020-04-30,0.007356170830382619,0.8993952156623222,0.09881222161041187,0.23259253348017306,0.18989350113028142,-0.29975956587696867,0.010634178261346225,3.0372016039674345e-16,0.22105521959024488,0.16179295028318305,0.0072823057373532975,0.058451030444944985,2.690846044753454,13.880321413624108,1.2447369166883595,1.4276009511211316,2.8404002133850312,-1.9527025977479977,60.589142952509235,8.497443582408708e-17,0.8764508620756193
2020-05-31,0.006965551483850108,0.8820000146785172,0.09633341677766649,0.26195128064245676,0.1953717682360319,-0.310222565355672,0.018505367508217838,2.510173803316997e-16,0.2396152892653223,0.11252102271286442,0.009053402325761267,0.052192961775925716,2.4640990420988906,13.965313222339446,1.195195713528111,1.6256123158127855,2.7549015807188644,-2.0061420593070936,59.755007816783106,1.0654609765860057e-16,0.8749162531122407
2020-06-30,0.00642303332842922,0.8897652036381005,0.11466071367271252,0.19335530792042654,0.17040985603949618,-0.3156308375439105,0.03082664726190535,6.359569427634391e-16,0.1825258237191133,0.22965511206921616,0.030295605300118912,0.05124338441870381,2.2450692415327547,13.554097873087295,1.3585150488337523,1.2214136374330586,2.2527131298586593,-2.014732216569988,55.144902565981525,3.920201767193501e-16,0.8656964891561155
2020-07-31,0.009474632894085596,0.8016701155486974,0.17060215080085164,0.1792418925357656,0.13502163409508047,-0.30595025738170667,0.0063400199420218205,1.774932447667828e-14,0.0756386628437217,0.3285580439517204,0.14780949904501256,0.08815812931940012,2.8896167936422836,11.984095378284772,1.8265013102388983,0.9897478791362337,1.4773988353818317,-1.750183804254191,45.71475217966419,4.639727546529205e-15,0.8386938014638228
2020-08-31,0.008040315999041254,0.9029656612009276,0.10072825888979667,0.3066047778577811,0.1253142627080258,-0.33250607397459436,0.006929921620276122,5.1175619021000586e-17,0.1948070718929058,0.06102453198860553,0.11187970625879659,0.029633947220327764,2.8597050958530974,14.68871574706738,1.3204134210596785,1.932155368575415,1.6286207146474205,-2.262406565924191,66.1105952916191,2.030278315480465e-17,0.8857307580400227
2020-09-30,0.007433908956421265,0.9227298403786641,0.09273958501062335,0.27837985342819255,0.12277918544996166,-0.2898931147312837,0.015573007864787778,2.1490339310846074e-17,0.24509065604591343,0.09302809337948799,0.14350133448799776,0.056852343099498076,2.5358269993455886,15.094460460146523,1.1811227797028163,1.7241483023035995,1.494592523811193,-1.9658639765983794,66.25119706959248,1.9603528744371656e-17,0.8859489005716649
2020-10-31,0.005850860201544601,0.9316669767004204,0.06435822288394188,0.31649271066978096,0.14304010051570254,-0.32179716060162944,0.08564724975490472,9.484925560349363e-16,0.4828564019615965,0.0937037791454574,0.13461407514225393,0.06536351385404603,1.7659968971002602,13.379823103715845,0.7088562912508379,1.7204577089209219,1.5296289322906051,-1.8991448363511547,51.89968808558221,1.0396015612361353e-15,0.8583466410838958
2020-11-30,0.0055418017176314975,0.9398487205843333,0.03172358686922366,0.20793968863251733,0.11416960995895176,-0.2665509128717663,0.09651424743789777,6.969746865921637e-17,0.7382695988198795,0.2547500517593092,0.19483372373403424,0.13593227785811132,1.7041717598409065,14.30787181942967,0.336600982965546,1.156365467913923,1.3196918571414993,-1.5234242877435815,55.43519321832051,1.9955334338280842e-16,0.8635682773238411
2020-12-31,0.00958850918412845,0.8467061657933599,0.11673841699094174,0.2286577194702934,0.07953698033098817,-0.27485919193910974,0.014585299707137182,9.566923197201802e-15,0.27261709452913885,0.2887363754030442,0.42797693924462576,0.18909387338030806,2.559488128270082,12.23047660391198,1.1131949489104032,1.0759437746660254,0.8012357428198486,-1.3372413439190485,41.25065840389492,2.3914724394977434e-14,0.8239532427813846
